name,amount,candidate_or_measure,tx_date,committee_name,position,tag
Independent Expenditure by TogetherSF Action,49853.0,DANIEL LURIE,2024-10-30,TogetherSF Action,OPPOSE,TogetherSF
Independent Expenditure by TogetherSF Action,20314.0,LONDON BREED,2024-10-14,TogetherSF Action,OPPOSE,TogetherSF
Independent Expenditure by TogetherSF Action,32472.0,LONDON BREED,2024-10-23,TogetherSF Action,OPPOSE,TogetherSF
Independent Expenditure by TogetherSF Action,28186.0,LONDON BREED,2024-10-30,TogetherSF Action,OPPOSE,TogetherSF
Independent Expenditure by TogetherSF Action,2500.0,CONNIE CHAN,2024-10-14,TogetherSF Action,OPPOSE,TogetherSF
Independent Expenditure by Coalition to Grow San Francisco - Grow SF PAC,10000.0,TREVOR CHANDLER,2024-09-23,Coalition to Grow San Francisco - Grow SF PAC,SUPPORT,GrowSF
Independent Expenditure by Coalition to Grow San Francisco - Grow SF PAC,1471.0,TREVOR CHANDLER,2024-09-29,Coalition to Grow San Francisco - Grow SF PAC,SUPPORT,GrowSF
Independent Expenditure by Coalition to Grow San Francisco - Grow SF PAC,35.0,TREVOR CHANDLER,2024-10-01,Coalition to Grow San Francisco - Grow SF PAC,SUPPORT,GrowSF
Independent Expenditure by Coalition to Grow San Francisco - Grow SF PAC,1956.0,TREVOR CHANDLER,2024-10-01,Coalition to Grow San Francisco - Grow SF PAC,SUPPORT,GrowSF
Independent Expenditure by Coalition to Grow San Francisco - Grow SF PAC,157.0,TREVOR CHANDLER,2024-10-01,Coalition to Grow San Francisco - Grow SF PAC,SUPPORT,GrowSF
Independent Expenditure by Coalition to Grow San Francisco - Grow SF PAC,3431.0,TREVOR CHANDLER,2024-10-01,Coalition to Grow San Francisco - Grow SF PAC,SUPPORT,GrowSF
Independent Expenditure by Coalition to Grow San Francisco - Grow SF PAC,2627.0,TREVOR CHANDLER,2024-10-01,Coalition to Grow San Francisco - Grow SF PAC,SUPPORT,GrowSF
Independent Expenditure by Coalition to Grow San Francisco - Grow SF PAC,784.0,TREVOR CHANDLER,2024-10-03,Coalition to Grow San Francisco - Grow SF PAC,SUPPORT,GrowSF
Independent Expenditure by Coalition to Grow San Francisco - Grow SF PAC,243.0,TREVOR CHANDLER,2024-10-03,Coalition to Grow San Francisco - Grow SF PAC,SUPPORT,GrowSF
Independent Expenditure by Coalition to Grow San Francisco - Grow SF PAC,10000.0,TREVOR CHANDLER,2024-10-03,Coalition to Grow San Francisco - Grow SF PAC,SUPPORT,GrowSF
Independent Expenditure by Coalition to Grow San Francisco - Grow SF PAC,10000.0,TREVOR CHANDLER,2024-10-07,Coalition to Grow San Francisco - Grow SF PAC,SUPPORT,GrowSF
Independent Expenditure by Coalition to Grow San Francisco - Grow SF PAC,10000.0,TREVOR CHANDLER,2024-10-22,Coalition to Grow San Francisco - Grow SF PAC,SUPPORT,GrowSF
Independent Expenditure by Coalition to Grow San Francisco - Grow SF PAC,4235.0,TREVOR CHANDLER,2024-10-28,Coalition to Grow San Francisco - Grow SF PAC,SUPPORT,GrowSF
GROWSF VOTER GUIDE,12500.0,MEASURES D AND E,2024-10-07,"COMMITTEE TO FIX SAN FRANCISCO GOVERNMENT, YES ON D, NO ON E, A COALITION OF SAN FRANCISCO CIVIC ORGANIZATIONS DEDICATED TO IMPROVING THE CITY'S FUTURE",MULTIPLE,GrowSF
GROWSF VOTER GUIDE,12500.0,MEASURES D AND E,2024-10-07,"COMMITTEE TO FIX SAN FRANCISCO GOVERNMENT, YES ON D, NO ON E, A COALITION OF SAN FRANCISCO CIVIC ORGANIZATIONS DEDICATED TO IMPROVING THE CITY'S FUTURE",MULTIPLE,GrowSF
TOGETHERSF ACTION,7744.0,MEASURES D AND E,2024-09-09,"COMMITTEE TO FIX SAN FRANCISCO GOVERNMENT, YES ON D, NO ON E, A COALITION OF SAN FRANCISCO CIVIC ORGANIZATIONS DEDICATED TO IMPROVING THE CITY'S FUTURE",MULTIPLE,TogetherSF
Independent Expenditure by TogetherSF Action,1000.0,JACKIE FIELDER,2024-10-16,TogetherSF Action,OPPOSE,TogetherSF
Independent Expenditure by TogetherSF Action,2500.0,DEAN PRESTON,2024-10-16,TogetherSF Action,OPPOSE,TogetherSF
Independent Expenditure by TogetherSF Action,1000.0,MYRNA MELGAR,2024-10-23,TogetherSF Action,OPPOSE,TogetherSF
Independent Expenditure by Families for a Vibrant SF Sponsored by Abundance Network,30457.0,MOE JAMIL,2024-10-24,Families for a Vibrant SF Sponsored by Abundance Network,OPPOSE,Abundance Network
Independent Expenditure by Families for a Vibrant SF Sponsored by Abundance Network,4543.0,MOE JAMIL,2024-10-26,Families for a Vibrant SF Sponsored by Abundance Network,OPPOSE,Abundance Network
Independent Expenditure by TogetherSF Action,781.0,ADDITIONAL BUSINESS TAX ON TRANSPORTATION NETWORK COMPANIES AND AUTONOMOUS VEHICLE BUSINESSES TO FUND PUBLIC TRANSPORTATION,2024-09-05,TogetherSF Action,OPPOSE,TogetherSF
Independent Expenditure by TogetherSF Action,219.0,ADDITIONAL BUSINESS TAX ON TRANSPORTATION NETWORK COMPANIES AND AUTONOMOUS VEHICLE BUSINESSES TO FUND PUBLIC TRANSPORTATION,2024-09-05,TogetherSF Action,OPPOSE,TogetherSF
Independent Expenditure by Coalition to Grow San Francisco - Grow SF PAC,1471.0,ADDITIONAL BUSINESS TAX ON TRANSPORTATION NETWORK COMPANIES AND AUTONOMOUS VEHICLE BUSINESSES TO FUND PUBLIC TRANSPORTATION,2024-09-29,Coalition to Grow San Francisco - Grow SF PAC,OPPOSE,GrowSF
Independent Expenditure by Coalition to Grow San Francisco - Grow SF PAC,2627.0,ADDITIONAL BUSINESS TAX ON TRANSPORTATION NETWORK COMPANIES AND AUTONOMOUS VEHICLE BUSINESSES TO FUND PUBLIC TRANSPORTATION,2024-10-01,Coalition to Grow San Francisco - Grow SF PAC,OPPOSE,GrowSF
Independent Expenditure by Coalition to Grow San Francisco - Grow SF PAC,35.0,ADDITIONAL BUSINESS TAX ON TRANSPORTATION NETWORK COMPANIES AND AUTONOMOUS VEHICLE BUSINESSES TO FUND PUBLIC TRANSPORTATION,2024-10-01,Coalition to Grow San Francisco - Grow SF PAC,OPPOSE,GrowSF
Independent Expenditure by Coalition to Grow San Francisco - Grow SF PAC,3431.0,ADDITIONAL BUSINESS TAX ON TRANSPORTATION NETWORK COMPANIES AND AUTONOMOUS VEHICLE BUSINESSES TO FUND PUBLIC TRANSPORTATION,2024-10-01,Coalition to Grow San Francisco - Grow SF PAC,OPPOSE,GrowSF
Independent Expenditure by Coalition to Grow San Francisco - Grow SF PAC,157.0,ADDITIONAL BUSINESS TAX ON TRANSPORTATION NETWORK COMPANIES AND AUTONOMOUS VEHICLE BUSINESSES TO FUND PUBLIC TRANSPORTATION,2024-10-01,Coalition to Grow San Francisco - Grow SF PAC,OPPOSE,GrowSF
Independent Expenditure by Coalition to Grow San Francisco - Grow SF PAC,1956.0,ADDITIONAL BUSINESS TAX ON TRANSPORTATION NETWORK COMPANIES AND AUTONOMOUS VEHICLE BUSINESSES TO FUND PUBLIC TRANSPORTATION,2024-10-01,Coalition to Grow San Francisco - Grow SF PAC,OPPOSE,GrowSF
Independent Expenditure by Coalition to Grow San Francisco - Grow SF PAC,784.0,ADDITIONAL BUSINESS TAX ON TRANSPORTATION NETWORK COMPANIES AND AUTONOMOUS VEHICLE BUSINESSES TO FUND PUBLIC TRANSPORTATION,2024-10-03,Coalition to Grow San Francisco - Grow SF PAC,OPPOSE,GrowSF
Independent Expenditure by Coalition to Grow San Francisco - Grow SF PAC,243.0,ADDITIONAL BUSINESS TAX ON TRANSPORTATION NETWORK COMPANIES AND AUTONOMOUS VEHICLE BUSINESSES TO FUND PUBLIC TRANSPORTATION,2024-10-03,Coalition to Grow San Francisco - Grow SF PAC,OPPOSE,GrowSF
Independent Expenditure by Coalition to Grow San Francisco - Grow SF PAC,4235.0,ADDITIONAL BUSINESS TAX ON TRANSPORTATION NETWORK COMPANIES AND AUTONOMOUS VEHICLE BUSINESSES TO FUND PUBLIC TRANSPORTATION,2024-10-28,Coalition to Grow San Francisco - Grow SF PAC,OPPOSE,GrowSF
Independent Expenditure by Coalition to Grow San Francisco - Grow SF PAC,4500.0,ADDITIONAL BUSINESS TAX ON TRANSPORTATION NETWORK COMPANIES AND AUTONOMOUS VEHICLE BUSINESSES TO FUND PUBLIC TRANSPORTATION,2024-10-31,Coalition to Grow San Francisco - Grow SF PAC,OPPOSE,GrowSF
Independent Expenditure by Coalition to Grow San Francisco - Grow SF PAC,1471.0,"CREATING A TASK FORCE TO RECOMMEND CHANGING, ELIMINATING, OR COMBINING CITY COMMISSIONS ",2024-09-29,Coalition to Grow San Francisco - Grow SF PAC,OPPOSE,GrowSF
Independent Expenditure by Coalition to Grow San Francisco - Grow SF PAC,35.0,"CREATING A TASK FORCE TO RECOMMEND CHANGING, ELIMINATING, OR COMBINING CITY COMMISSIONS ",2024-10-01,Coalition to Grow San Francisco - Grow SF PAC,OPPOSE,GrowSF
Independent Expenditure by Coalition to Grow San Francisco - Grow SF PAC,2627.0,"CREATING A TASK FORCE TO RECOMMEND CHANGING, ELIMINATING, OR COMBINING CITY COMMISSIONS ",2024-10-01,Coalition to Grow San Francisco - Grow SF PAC,OPPOSE,GrowSF
Independent Expenditure by Coalition to Grow San Francisco - Grow SF PAC,1956.0,"CREATING A TASK FORCE TO RECOMMEND CHANGING, ELIMINATING, OR COMBINING CITY COMMISSIONS ",2024-10-01,Coalition to Grow San Francisco - Grow SF PAC,OPPOSE,GrowSF
Independent Expenditure by Coalition to Grow San Francisco - Grow SF PAC,3431.0,"CREATING A TASK FORCE TO RECOMMEND CHANGING, ELIMINATING, OR COMBINING CITY COMMISSIONS ",2024-10-01,Coalition to Grow San Francisco - Grow SF PAC,OPPOSE,GrowSF
Independent Expenditure by Coalition to Grow San Francisco - Grow SF PAC,157.0,"CREATING A TASK FORCE TO RECOMMEND CHANGING, ELIMINATING, OR COMBINING CITY COMMISSIONS ",2024-10-01,Coalition to Grow San Francisco - Grow SF PAC,OPPOSE,GrowSF
Independent Expenditure by Coalition to Grow San Francisco - Grow SF PAC,243.0,"CREATING A TASK FORCE TO RECOMMEND CHANGING, ELIMINATING, OR COMBINING CITY COMMISSIONS ",2024-10-03,Coalition to Grow San Francisco - Grow SF PAC,OPPOSE,GrowSF
Independent Expenditure by Coalition to Grow San Francisco - Grow SF PAC,784.0,"CREATING A TASK FORCE TO RECOMMEND CHANGING, ELIMINATING, OR COMBINING CITY COMMISSIONS ",2024-10-03,Coalition to Grow San Francisco - Grow SF PAC,OPPOSE,GrowSF
Independent Expenditure by Coalition to Grow San Francisco - Grow SF PAC,4235.0,"CREATING A TASK FORCE TO RECOMMEND CHANGING, ELIMINATING, OR COMBINING CITY COMMISSIONS ",2024-10-28,Coalition to Grow San Francisco - Grow SF PAC,OPPOSE,GrowSF
Independent Expenditure by TogetherSF Action,955.0,INSPECTOR GENERAL,2024-09-05,TogetherSF Action,OPPOSE,TogetherSF
Independent Expenditure by TogetherSF Action,200.0,INSPECTOR GENERAL,2024-09-05,TogetherSF Action,OPPOSE,TogetherSF
Independent Expenditure by Coalition to Grow San Francisco - Grow SF PAC,1471.0,INSPECTOR GENERAL,2024-09-29,Coalition to Grow San Francisco - Grow SF PAC,OPPOSE,GrowSF
Independent Expenditure by Coalition to Grow San Francisco - Grow SF PAC,35.0,INSPECTOR GENERAL,2024-10-01,Coalition to Grow San Francisco - Grow SF PAC,OPPOSE,GrowSF
Independent Expenditure by Coalition to Grow San Francisco - Grow SF PAC,157.0,INSPECTOR GENERAL,2024-10-01,Coalition to Grow San Francisco - Grow SF PAC,OPPOSE,GrowSF
Independent Expenditure by Coalition to Grow San Francisco - Grow SF PAC,3431.0,INSPECTOR GENERAL,2024-10-01,Coalition to Grow San Francisco - Grow SF PAC,OPPOSE,GrowSF
Independent Expenditure by Coalition to Grow San Francisco - Grow SF PAC,1956.0,INSPECTOR GENERAL,2024-10-01,Coalition to Grow San Francisco - Grow SF PAC,OPPOSE,GrowSF
Independent Expenditure by Coalition to Grow San Francisco - Grow SF PAC,2627.0,INSPECTOR GENERAL,2024-10-01,Coalition to Grow San Francisco - Grow SF PAC,OPPOSE,GrowSF
Independent Expenditure by Coalition to Grow San Francisco - Grow SF PAC,784.0,INSPECTOR GENERAL,2024-10-03,Coalition to Grow San Francisco - Grow SF PAC,OPPOSE,GrowSF
Independent Expenditure by Coalition to Grow San Francisco - Grow SF PAC,243.0,INSPECTOR GENERAL,2024-10-03,Coalition to Grow San Francisco - Grow SF PAC,OPPOSE,GrowSF
Independent Expenditure by Coalition to Grow San Francisco - Grow SF PAC,4235.0,INSPECTOR GENERAL,2024-10-28,Coalition to Grow San Francisco - Grow SF PAC,OPPOSE,GrowSF
Independent Expenditure by Coalition to Grow San Francisco - Grow SF PAC,10000.0,MICHAEL LAI,2024-09-23,Coalition to Grow San Francisco - Grow SF PAC,SUPPORT,GrowSF
Independent Expenditure by Coalition to Grow San Francisco - Grow SF PAC,1471.0,MICHAEL LAI,2024-09-29,Coalition to Grow San Francisco - Grow SF PAC,SUPPORT,GrowSF
Independent Expenditure by Families for a Vibrant SF Sponsored by Abundance Network,1352.0,MICHAEL LAI,2024-09-30,Families for a Vibrant SF Sponsored by Abundance Network,SUPPORT,Abundance Network
Independent Expenditure by Coalition to Grow San Francisco - Grow SF PAC,1956.0,MICHAEL LAI,2024-10-01,Coalition to Grow San Francisco - Grow SF PAC,SUPPORT,GrowSF
Independent Expenditure by Coalition to Grow San Francisco - Grow SF PAC,2627.0,MICHAEL LAI,2024-10-01,Coalition to Grow San Francisco - Grow SF PAC,SUPPORT,GrowSF
Independent Expenditure by Coalition to Grow San Francisco - Grow SF PAC,35.0,MICHAEL LAI,2024-10-01,Coalition to Grow San Francisco - Grow SF PAC,SUPPORT,GrowSF
Independent Expenditure by Coalition to Grow San Francisco - Grow SF PAC,157.0,MICHAEL LAI,2024-10-01,Coalition to Grow San Francisco - Grow SF PAC,SUPPORT,GrowSF
Independent Expenditure by Coalition to Grow San Francisco - Grow SF PAC,3431.0,MICHAEL LAI,2024-10-01,Coalition to Grow San Francisco - Grow SF PAC,SUPPORT,GrowSF
Independent Expenditure by Families for a Vibrant SF Sponsored by Abundance Network,71000.0,MICHAEL LAI,2024-10-01,Families for a Vibrant SF Sponsored by Abundance Network,SUPPORT,Abundance Network
Independent Expenditure by Families for a Vibrant SF Sponsored by Abundance Network,10800.0,MICHAEL LAI,2024-10-01,Families for a Vibrant SF Sponsored by Abundance Network,SUPPORT,Abundance Network
Independent Expenditure by Families for a Vibrant SF Sponsored by Abundance Network,5000.0,MICHAEL LAI,2024-10-01,Families for a Vibrant SF Sponsored by Abundance Network,SUPPORT,Abundance Network
Independent Expenditure by Coalition to Grow San Francisco - Grow SF PAC,243.0,MICHAEL LAI,2024-10-03,Coalition to Grow San Francisco - Grow SF PAC,SUPPORT,GrowSF
Independent Expenditure by Coalition to Grow San Francisco - Grow SF PAC,784.0,MICHAEL LAI,2024-10-03,Coalition to Grow San Francisco - Grow SF PAC,SUPPORT,GrowSF
Independent Expenditure by Coalition to Grow San Francisco - Grow SF PAC,30000.0,MICHAEL LAI,2024-10-03,Coalition to Grow San Francisco - Grow SF PAC,SUPPORT,GrowSF
Independent Expenditure by Coalition to Grow San Francisco - Grow SF PAC,15686.0,MICHAEL LAI,2024-10-03,Coalition to Grow San Francisco - Grow SF PAC,SUPPORT,GrowSF
Independent Expenditure by Families for a Vibrant SF Sponsored by Abundance Network,12500.0,MICHAEL LAI,2024-10-11,Families for a Vibrant SF Sponsored by Abundance Network,SUPPORT,Abundance Network
Independent Expenditure by Families for a Vibrant SF Sponsored by Abundance Network,12500.0,MICHAEL LAI,2024-10-15,Families for a Vibrant SF Sponsored by Abundance Network,SUPPORT,Abundance Network
Independent Expenditure by Families for a Vibrant SF Sponsored by Abundance Network,12500.0,MICHAEL LAI,2024-10-17,Families for a Vibrant SF Sponsored by Abundance Network,SUPPORT,Abundance Network
Independent Expenditure by Coalition to Grow San Francisco - Grow SF PAC,5000.0,MICHAEL LAI,2024-10-22,Coalition to Grow San Francisco - Grow SF PAC,SUPPORT,GrowSF
Independent Expenditure by Coalition to Grow San Francisco - Grow SF PAC,30000.0,MICHAEL LAI,2024-10-22,Coalition to Grow San Francisco - Grow SF PAC,SUPPORT,GrowSF
Independent Expenditure by Coalition to Grow San Francisco - Grow SF PAC,5000.0,MICHAEL LAI,2024-10-22,Coalition to Grow San Francisco - Grow SF PAC,SUPPORT,GrowSF
Independent Expenditure by Families for a Vibrant SF Sponsored by Abundance Network,12500.0,MICHAEL LAI,2024-10-22,Families for a Vibrant SF Sponsored by Abundance Network,SUPPORT,Abundance Network
Independent Expenditure by Families for a Vibrant SF Sponsored by Abundance Network,4000.0,MICHAEL LAI,2024-10-23,Families for a Vibrant SF Sponsored by Abundance Network,SUPPORT,Abundance Network
Independent Expenditure by Families for a Vibrant SF Sponsored by Abundance Network,12500.0,MICHAEL LAI,2024-10-24,Families for a Vibrant SF Sponsored by Abundance Network,SUPPORT,Abundance Network
Independent Expenditure by Families for a Vibrant SF Sponsored by Abundance Network,7500.0,MICHAEL LAI,2024-10-28,Families for a Vibrant SF Sponsored by Abundance Network,SUPPORT,Abundance Network
Independent Expenditure by Coalition to Grow San Francisco - Grow SF PAC,4235.0,MICHAEL LAI,2024-10-28,Coalition to Grow San Francisco - Grow SF PAC,SUPPORT,GrowSF
Independent Expenditure by Coalition to Grow San Francisco - Grow SF PAC,1471.0,BROOKE JENKINS,2024-09-29,Coalition to Grow San Francisco - Grow SF PAC,SUPPORT,GrowSF
Independent Expenditure by Coalition to Grow San Francisco - Grow SF PAC,157.0,BROOKE JENKINS,2024-10-01,Coalition to Grow San Francisco - Grow SF PAC,SUPPORT,GrowSF
Independent Expenditure by Coalition to Grow San Francisco - Grow SF PAC,3431.0,BROOKE JENKINS,2024-10-01,Coalition to Grow San Francisco - Grow SF PAC,SUPPORT,GrowSF
Independent Expenditure by Coalition to Grow San Francisco - Grow SF PAC,2627.0,BROOKE JENKINS,2024-10-01,Coalition to Grow San Francisco - Grow SF PAC,SUPPORT,GrowSF
Independent Expenditure by Coalition to Grow San Francisco - Grow SF PAC,35.0,BROOKE JENKINS,2024-10-01,Coalition to Grow San Francisco - Grow SF PAC,SUPPORT,GrowSF
Independent Expenditure by Coalition to Grow San Francisco - Grow SF PAC,1956.0,BROOKE JENKINS,2024-10-01,Coalition to Grow San Francisco - Grow SF PAC,SUPPORT,GrowSF
Independent Expenditure by Coalition to Grow San Francisco - Grow SF PAC,243.0,BROOKE JENKINS,2024-10-03,Coalition to Grow San Francisco - Grow SF PAC,SUPPORT,GrowSF
Independent Expenditure by Coalition to Grow San Francisco - Grow SF PAC,784.0,BROOKE JENKINS,2024-10-03,Coalition to Grow San Francisco - Grow SF PAC,SUPPORT,GrowSF
Independent Expenditure by Coalition to Grow San Francisco - Grow SF PAC,4235.0,BROOKE JENKINS,2024-10-28,Coalition to Grow San Francisco - Grow SF PAC,SUPPORT,GrowSF
Independent Expenditure by Coalition to Grow San Francisco - Grow SF PAC,1471.0,BILAL MAHMOOD,2024-09-29,Coalition to Grow San Francisco - Grow SF PAC,SUPPORT,GrowSF
Independent Expenditure by Coalition to Grow San Francisco - Grow SF PAC,1956.0,BILAL MAHMOOD,2024-10-01,Coalition to Grow San Francisco - Grow SF PAC,SUPPORT,GrowSF
Independent Expenditure by Coalition to Grow San Francisco - Grow SF PAC,3431.0,BILAL MAHMOOD,2024-10-01,Coalition to Grow San Francisco - Grow SF PAC,SUPPORT,GrowSF
Independent Expenditure by Coalition to Grow San Francisco - Grow SF PAC,35.0,BILAL MAHMOOD,2024-10-01,Coalition to Grow San Francisco - Grow SF PAC,SUPPORT,GrowSF
Independent Expenditure by Coalition to Grow San Francisco - Grow SF PAC,157.0,BILAL MAHMOOD,2024-10-01,Coalition to Grow San Francisco - Grow SF PAC,SUPPORT,GrowSF
Independent Expenditure by Coalition to Grow San Francisco - Grow SF PAC,2627.0,BILAL MAHMOOD,2024-10-01,Coalition to Grow San Francisco - Grow SF PAC,SUPPORT,GrowSF
Independent Expenditure by Coalition to Grow San Francisco - Grow SF PAC,243.0,BILAL MAHMOOD,2024-10-03,Coalition to Grow San Francisco - Grow SF PAC,SUPPORT,GrowSF
Independent Expenditure by Coalition to Grow San Francisco - Grow SF PAC,784.0,BILAL MAHMOOD,2024-10-03,Coalition to Grow San Francisco - Grow SF PAC,SUPPORT,GrowSF
Independent Expenditure by Coalition to Grow San Francisco - Grow SF PAC,4235.0,BILAL MAHMOOD,2024-10-28,Coalition to Grow San Francisco - Grow SF PAC,SUPPORT,GrowSF
Independent Expenditure by Coalition to Grow San Francisco - Grow SF PAC,10000.0,MATTHEW BOSCHETTO,2024-09-23,Coalition to Grow San Francisco - Grow SF PAC,SUPPORT,GrowSF
TOGETHERSF ACTION,110.0,MARJAN PHILHOUR,2024-09-12,VOTE MARJAN PHILHOUR FOR SUPERVISOR 2024,SUPPORT,TogetherSF
TOGETHERSF ACTION,1260.0,MICHAEL LAI,2024-09-24,MICHAEL LAI FOR SUPERVISOR 2024,SUPPORT,TogetherSF
TOGETHER SF,1260.0,BILAL MAHMOOD,2024-09-13,BILAL MAHMOOD FOR SUPERVISOR 2024,SUPPORT,TogetherSF
TOGETHERSF ACTION,275.0,MATTHEW BOSCHETTO,2024-09-25,MATT BOSCHETTO FOR D7 SUPERVISOR 2024,SUPPORT,TogetherSF
Independent Expenditure by Coalition to Grow San Francisco - Grow SF PAC,1471.0,MATTHEW BOSCHETTO,2024-09-29,Coalition to Grow San Francisco - Grow SF PAC,SUPPORT,GrowSF
Independent Expenditure by Coalition to Grow San Francisco - Grow SF PAC,2627.0,MATTHEW BOSCHETTO,2024-10-01,Coalition to Grow San Francisco - Grow SF PAC,SUPPORT,GrowSF
Independent Expenditure by Coalition to Grow San Francisco - Grow SF PAC,3431.0,MATTHEW BOSCHETTO,2024-10-01,Coalition to Grow San Francisco - Grow SF PAC,SUPPORT,GrowSF
Independent Expenditure by Coalition to Grow San Francisco - Grow SF PAC,157.0,MATTHEW BOSCHETTO,2024-10-01,Coalition to Grow San Francisco - Grow SF PAC,SUPPORT,GrowSF
Independent Expenditure by Coalition to Grow San Francisco - Grow SF PAC,35.0,MATTHEW BOSCHETTO,2024-10-01,Coalition to Grow San Francisco - Grow SF PAC,SUPPORT,GrowSF
Independent Expenditure by Coalition to Grow San Francisco - Grow SF PAC,1956.0,MATTHEW BOSCHETTO,2024-10-01,Coalition to Grow San Francisco - Grow SF PAC,SUPPORT,GrowSF
Independent Expenditure by Coalition to Grow San Francisco - Grow SF PAC,10000.0,MATTHEW BOSCHETTO,2024-10-03,Coalition to Grow San Francisco - Grow SF PAC,SUPPORT,GrowSF
Independent Expenditure by Coalition to Grow San Francisco - Grow SF PAC,243.0,MATTHEW BOSCHETTO,2024-10-03,Coalition to Grow San Francisco - Grow SF PAC,SUPPORT,GrowSF
Independent Expenditure by Coalition to Grow San Francisco - Grow SF PAC,784.0,MATTHEW BOSCHETTO,2024-10-03,Coalition to Grow San Francisco - Grow SF PAC,SUPPORT,GrowSF
Independent Expenditure by Coalition to Grow San Francisco - Grow SF PAC,10000.0,MATTHEW BOSCHETTO,2024-10-07,Coalition to Grow San Francisco - Grow SF PAC,SUPPORT,GrowSF
Independent Expenditure by Coalition to Grow San Francisco - Grow SF PAC,10000.0,MATTHEW BOSCHETTO,2024-10-15,Coalition to Grow San Francisco - Grow SF PAC,SUPPORT,GrowSF
Independent Expenditure by Coalition to Grow San Francisco - Grow SF PAC,4235.0,MATTHEW BOSCHETTO,2024-10-28,Coalition to Grow San Francisco - Grow SF PAC,SUPPORT,GrowSF
Independent Expenditure by Coalition to Grow San Francisco - Grow SF PAC,1471.0,PAUL MIYAMOTO,2024-09-29,Coalition to Grow San Francisco - Grow SF PAC,SUPPORT,GrowSF
Independent Expenditure by Coalition to Grow San Francisco - Grow SF PAC,2627.0,PAUL MIYAMOTO,2024-10-01,Coalition to Grow San Francisco - Grow SF PAC,SUPPORT,GrowSF
Independent Expenditure by Coalition to Grow San Francisco - Grow SF PAC,35.0,PAUL MIYAMOTO,2024-10-01,Coalition to Grow San Francisco - Grow SF PAC,SUPPORT,GrowSF
Independent Expenditure by Coalition to Grow San Francisco - Grow SF PAC,1956.0,PAUL MIYAMOTO,2024-10-01,Coalition to Grow San Francisco - Grow SF PAC,SUPPORT,GrowSF
Independent Expenditure by Coalition to Grow San Francisco - Grow SF PAC,3431.0,PAUL MIYAMOTO,2024-10-01,Coalition to Grow San Francisco - Grow SF PAC,SUPPORT,GrowSF
Independent Expenditure by Coalition to Grow San Francisco - Grow SF PAC,157.0,PAUL MIYAMOTO,2024-10-01,Coalition to Grow San Francisco - Grow SF PAC,SUPPORT,GrowSF
Independent Expenditure by Coalition to Grow San Francisco - Grow SF PAC,243.0,PAUL MIYAMOTO,2024-10-03,Coalition to Grow San Francisco - Grow SF PAC,SUPPORT,GrowSF
Independent Expenditure by Coalition to Grow San Francisco - Grow SF PAC,784.0,PAUL MIYAMOTO,2024-10-03,Coalition to Grow San Francisco - Grow SF PAC,SUPPORT,GrowSF
Independent Expenditure by Coalition to Grow San Francisco - Grow SF PAC,4235.0,PAUL MIYAMOTO,2024-10-28,Coalition to Grow San Francisco - Grow SF PAC,SUPPORT,GrowSF
Independent Expenditure by Coalition to Grow San Francisco - Grow SF PAC,10000.0,DANNY SAUTER,2024-09-23,Coalition to Grow San Francisco - Grow SF PAC,SUPPORT,GrowSF
Independent Expenditure by Coalition to Grow San Francisco - Grow SF PAC,1471.0,DANNY SAUTER,2024-09-29,Coalition to Grow San Francisco - Grow SF PAC,SUPPORT,GrowSF
Independent Expenditure by Families for a Vibrant SF Sponsored by Abundance Network,1352.0,DANNY SAUTER,2024-09-30,Families for a Vibrant SF Sponsored by Abundance Network,SUPPORT,Abundance Network
Independent Expenditure by Coalition to Grow San Francisco - Grow SF PAC,1956.0,DANNY SAUTER,2024-10-01,Coalition to Grow San Francisco - Grow SF PAC,SUPPORT,GrowSF
Independent Expenditure by Coalition to Grow San Francisco - Grow SF PAC,35.0,DANNY SAUTER,2024-10-01,Coalition to Grow San Francisco - Grow SF PAC,SUPPORT,GrowSF
Independent Expenditure by Coalition to Grow San Francisco - Grow SF PAC,3431.0,DANNY SAUTER,2024-10-01,Coalition to Grow San Francisco - Grow SF PAC,SUPPORT,GrowSF
Independent Expenditure by Coalition to Grow San Francisco - Grow SF PAC,157.0,DANNY SAUTER,2024-10-01,Coalition to Grow San Francisco - Grow SF PAC,SUPPORT,GrowSF
Independent Expenditure by Coalition to Grow San Francisco - Grow SF PAC,2627.0,DANNY SAUTER,2024-10-01,Coalition to Grow San Francisco - Grow SF PAC,SUPPORT,GrowSF
Independent Expenditure by Families for a Vibrant SF Sponsored by Abundance Network,10800.0,DANNY SAUTER,2024-10-02,Families for a Vibrant SF Sponsored by Abundance Network,SUPPORT,Abundance Network
Independent Expenditure by Families for a Vibrant SF Sponsored by Abundance Network,6484.0,DANNY SAUTER,2024-10-02,Families for a Vibrant SF Sponsored by Abundance Network,SUPPORT,Abundance Network
Independent Expenditure by Families for a Vibrant SF Sponsored by Abundance Network,8535.0,DANNY SAUTER,2024-10-02,Families for a Vibrant SF Sponsored by Abundance Network,SUPPORT,Abundance Network
Independent Expenditure by Coalition to Grow San Francisco - Grow SF PAC,30000.0,DANNY SAUTER,2024-10-03,Coalition to Grow San Francisco - Grow SF PAC,SUPPORT,GrowSF
Independent Expenditure by Coalition to Grow San Francisco - Grow SF PAC,784.0,DANNY SAUTER,2024-10-03,Coalition to Grow San Francisco - Grow SF PAC,SUPPORT,GrowSF
Independent Expenditure by Coalition to Grow San Francisco - Grow SF PAC,15879.0,DANNY SAUTER,2024-10-03,Coalition to Grow San Francisco - Grow SF PAC,SUPPORT,GrowSF
Independent Expenditure by Coalition to Grow San Francisco - Grow SF PAC,243.0,DANNY SAUTER,2024-10-03,Coalition to Grow San Francisco - Grow SF PAC,SUPPORT,GrowSF
Independent Expenditure by Families for a Vibrant SF Sponsored by Abundance Network,8135.0,DANNY SAUTER,2024-10-08,Families for a Vibrant SF Sponsored by Abundance Network,SUPPORT,Abundance Network
Independent Expenditure by Families for a Vibrant SF Sponsored by Abundance Network,6164.0,DANNY SAUTER,2024-10-08,Families for a Vibrant SF Sponsored by Abundance Network,SUPPORT,Abundance Network
Independent Expenditure by Families for a Vibrant SF Sponsored by Abundance Network,83500.0,DANNY SAUTER,2024-10-09,Families for a Vibrant SF Sponsored by Abundance Network,SUPPORT,Abundance Network
Independent Expenditure by Families for a Vibrant SF Sponsored by Abundance Network,17245.0,DANNY SAUTER,2024-10-14,Families for a Vibrant SF Sponsored by Abundance Network,SUPPORT,Abundance Network
Independent Expenditure by Families for a Vibrant SF Sponsored by Abundance Network,4050.0,DANNY SAUTER,2024-10-23,Families for a Vibrant SF Sponsored by Abundance Network,SUPPORT,Abundance Network
Independent Expenditure by Families for a Vibrant SF Sponsored by Abundance Network,5867.0,DANNY SAUTER,2024-10-23,Families for a Vibrant SF Sponsored by Abundance Network,SUPPORT,Abundance Network
Independent Expenditure by Coalition to Grow San Francisco - Grow SF PAC,4235.0,DANNY SAUTER,2024-10-28,Coalition to Grow San Francisco - Grow SF PAC,SUPPORT,GrowSF
Independent Expenditure by Families for a Vibrant SF Sponsored by Abundance Network,5590.0,DANNY SAUTER,2024-10-30,Families for a Vibrant SF Sponsored by Abundance Network,SUPPORT,Abundance Network
Independent Expenditure by Families for a Vibrant SF Sponsored by Abundance Network,4157.0,DANNY SAUTER,2024-10-30,Families for a Vibrant SF Sponsored by Abundance Network,SUPPORT,Abundance Network
Independent Expenditure by Coalition to Grow San Francisco - Grow SF PAC,1471.0,ALIYA CHISTI,2024-09-29,Coalition to Grow San Francisco - Grow SF PAC,SUPPORT,GrowSF
Independent Expenditure by Coalition to Grow San Francisco - Grow SF PAC,35.0,ALIYA CHISTI,2024-10-01,Coalition to Grow San Francisco - Grow SF PAC,SUPPORT,GrowSF
Independent Expenditure by Coalition to Grow San Francisco - Grow SF PAC,2627.0,ALIYA CHISTI,2024-10-01,Coalition to Grow San Francisco - Grow SF PAC,SUPPORT,GrowSF
Independent Expenditure by Coalition to Grow San Francisco - Grow SF PAC,157.0,ALIYA CHISTI,2024-10-01,Coalition to Grow San Francisco - Grow SF PAC,SUPPORT,GrowSF
Independent Expenditure by Coalition to Grow San Francisco - Grow SF PAC,3431.0,ALIYA CHISTI,2024-10-01,Coalition to Grow San Francisco - Grow SF PAC,SUPPORT,GrowSF
Independent Expenditure by Coalition to Grow San Francisco - Grow SF PAC,1956.0,ALIYA CHISTI,2024-10-01,Coalition to Grow San Francisco - Grow SF PAC,SUPPORT,GrowSF
Independent Expenditure by Coalition to Grow San Francisco - Grow SF PAC,243.0,ALIYA CHISTI,2024-10-03,Coalition to Grow San Francisco - Grow SF PAC,SUPPORT,GrowSF
Independent Expenditure by Coalition to Grow San Francisco - Grow SF PAC,784.0,ALIYA CHISTI,2024-10-03,Coalition to Grow San Francisco - Grow SF PAC,SUPPORT,GrowSF
Independent Expenditure by Coalition to Grow San Francisco - Grow SF PAC,4235.0,ALIYA CHISTI,2024-10-28,Coalition to Grow San Francisco - Grow SF PAC,SUPPORT,GrowSF
Independent Expenditure by Coalition to Grow San Francisco - Grow SF PAC,1471.0,HEATHER MCCARTY,2024-09-29,Coalition to Grow San Francisco - Grow SF PAC,SUPPORT,GrowSF
Independent Expenditure by Coalition to Grow San Francisco - Grow SF PAC,2627.0,HEATHER MCCARTY,2024-10-01,Coalition to Grow San Francisco - Grow SF PAC,SUPPORT,GrowSF
Independent Expenditure by Coalition to Grow San Francisco - Grow SF PAC,1956.0,HEATHER MCCARTY,2024-10-01,Coalition to Grow San Francisco - Grow SF PAC,SUPPORT,GrowSF
Independent Expenditure by Coalition to Grow San Francisco - Grow SF PAC,157.0,HEATHER MCCARTY,2024-10-01,Coalition to Grow San Francisco - Grow SF PAC,SUPPORT,GrowSF
Independent Expenditure by Coalition to Grow San Francisco - Grow SF PAC,35.0,HEATHER MCCARTY,2024-10-01,Coalition to Grow San Francisco - Grow SF PAC,SUPPORT,GrowSF
Independent Expenditure by Coalition to Grow San Francisco - Grow SF PAC,3431.0,HEATHER MCCARTY,2024-10-01,Coalition to Grow San Francisco - Grow SF PAC,SUPPORT,GrowSF
Independent Expenditure by Coalition to Grow San Francisco - Grow SF PAC,243.0,HEATHER MCCARTY,2024-10-03,Coalition to Grow San Francisco - Grow SF PAC,SUPPORT,GrowSF
Independent Expenditure by Coalition to Grow San Francisco - Grow SF PAC,784.0,HEATHER MCCARTY,2024-10-03,Coalition to Grow San Francisco - Grow SF PAC,SUPPORT,GrowSF
Independent Expenditure by Coalition to Grow San Francisco - Grow SF PAC,4235.0,HEATHER MCCARTY,2024-10-28,Coalition to Grow San Francisco - Grow SF PAC,SUPPORT,GrowSF
Independent Expenditure by Coalition to Grow San Francisco - Grow SF PAC,1471.0,LUIS ZAMORA,2024-09-29,Coalition to Grow San Francisco - Grow SF PAC,SUPPORT,GrowSF
Independent Expenditure by Coalition to Grow San Francisco - Grow SF PAC,157.0,LUIS ZAMORA,2024-10-01,Coalition to Grow San Francisco - Grow SF PAC,SUPPORT,GrowSF
Independent Expenditure by Coalition to Grow San Francisco - Grow SF PAC,35.0,LUIS ZAMORA,2024-10-01,Coalition to Grow San Francisco - Grow SF PAC,SUPPORT,GrowSF
Independent Expenditure by Coalition to Grow San Francisco - Grow SF PAC,3431.0,LUIS ZAMORA,2024-10-01,Coalition to Grow San Francisco - Grow SF PAC,SUPPORT,GrowSF
Independent Expenditure by Coalition to Grow San Francisco - Grow SF PAC,1956.0,LUIS ZAMORA,2024-10-01,Coalition to Grow San Francisco - Grow SF PAC,SUPPORT,GrowSF
Independent Expenditure by Coalition to Grow San Francisco - Grow SF PAC,2627.0,LUIS ZAMORA,2024-10-01,Coalition to Grow San Francisco - Grow SF PAC,SUPPORT,GrowSF
Independent Expenditure by Coalition to Grow San Francisco - Grow SF PAC,243.0,LUIS ZAMORA,2024-10-03,Coalition to Grow San Francisco - Grow SF PAC,SUPPORT,GrowSF
Independent Expenditure by Coalition to Grow San Francisco - Grow SF PAC,784.0,LUIS ZAMORA,2024-10-03,Coalition to Grow San Francisco - Grow SF PAC,SUPPORT,GrowSF
Independent Expenditure by Coalition to Grow San Francisco - Grow SF PAC,4235.0,LUIS ZAMORA,2024-10-28,Coalition to Grow San Francisco - Grow SF PAC,SUPPORT,GrowSF
Independent Expenditure by Coalition to Grow San Francisco - Grow SF PAC,1471.0,RUTH FERGUSON,2024-09-29,Coalition to Grow San Francisco - Grow SF PAC,SUPPORT,GrowSF
Independent Expenditure by Coalition to Grow San Francisco - Grow SF PAC,157.0,RUTH FERGUSON,2024-10-01,Coalition to Grow San Francisco - Grow SF PAC,SUPPORT,GrowSF
Independent Expenditure by Coalition to Grow San Francisco - Grow SF PAC,1956.0,RUTH FERGUSON,2024-10-01,Coalition to Grow San Francisco - Grow SF PAC,SUPPORT,GrowSF
Independent Expenditure by Coalition to Grow San Francisco - Grow SF PAC,35.0,RUTH FERGUSON,2024-10-01,Coalition to Grow San Francisco - Grow SF PAC,SUPPORT,GrowSF
Independent Expenditure by Coalition to Grow San Francisco - Grow SF PAC,3431.0,RUTH FERGUSON,2024-10-01,Coalition to Grow San Francisco - Grow SF PAC,SUPPORT,GrowSF
Independent Expenditure by Coalition to Grow San Francisco - Grow SF PAC,2627.0,RUTH FERGUSON,2024-10-01,Coalition to Grow San Francisco - Grow SF PAC,SUPPORT,GrowSF
Independent Expenditure by Coalition to Grow San Francisco - Grow SF PAC,784.0,RUTH FERGUSON,2024-10-03,Coalition to Grow San Francisco - Grow SF PAC,SUPPORT,GrowSF
Independent Expenditure by Coalition to Grow San Francisco - Grow SF PAC,243.0,RUTH FERGUSON,2024-10-03,Coalition to Grow San Francisco - Grow SF PAC,SUPPORT,GrowSF
Independent Expenditure by Coalition to Grow San Francisco - Grow SF PAC,4235.0,RUTH FERGUSON,2024-10-28,Coalition to Grow San Francisco - Grow SF PAC,SUPPORT,GrowSF
Independent Expenditure by Coalition to Grow San Francisco - Grow SF PAC,1471.0,JOSE CISNEROS,2024-09-29,Coalition to Grow San Francisco - Grow SF PAC,SUPPORT,GrowSF
Independent Expenditure by Coalition to Grow San Francisco - Grow SF PAC,2627.0,JOSE CISNEROS,2024-10-01,Coalition to Grow San Francisco - Grow SF PAC,SUPPORT,GrowSF
Independent Expenditure by Coalition to Grow San Francisco - Grow SF PAC,3431.0,JOSE CISNEROS,2024-10-01,Coalition to Grow San Francisco - Grow SF PAC,SUPPORT,GrowSF
Independent Expenditure by Coalition to Grow San Francisco - Grow SF PAC,157.0,JOSE CISNEROS,2024-10-01,Coalition to Grow San Francisco - Grow SF PAC,SUPPORT,GrowSF
Independent Expenditure by Coalition to Grow San Francisco - Grow SF PAC,1956.0,JOSE CISNEROS,2024-10-01,Coalition to Grow San Francisco - Grow SF PAC,SUPPORT,GrowSF
Independent Expenditure by Coalition to Grow San Francisco - Grow SF PAC,35.0,JOSE CISNEROS,2024-10-01,Coalition to Grow San Francisco - Grow SF PAC,SUPPORT,GrowSF
Independent Expenditure by Coalition to Grow San Francisco - Grow SF PAC,243.0,JOSE CISNEROS,2024-10-03,Coalition to Grow San Francisco - Grow SF PAC,SUPPORT,GrowSF
Independent Expenditure by Coalition to Grow San Francisco - Grow SF PAC,784.0,JOSE CISNEROS,2024-10-03,Coalition to Grow San Francisco - Grow SF PAC,SUPPORT,GrowSF
Independent Expenditure by Coalition to Grow San Francisco - Grow SF PAC,4235.0,JOSE CISNEROS,2024-10-28,Coalition to Grow San Francisco - Grow SF PAC,SUPPORT,GrowSF
Independent Expenditure by Coalition to Grow San Francisco - Grow SF PAC,1471.0,CITY COMMISSIONS AND MAYORAL AUTHORITY,2024-09-29,Coalition to Grow San Francisco - Grow SF PAC,SUPPORT,GrowSF
Independent Expenditure by Coalition to Grow San Francisco - Grow SF PAC,157.0,CITY COMMISSIONS AND MAYORAL AUTHORITY,2024-10-01,Coalition to Grow San Francisco - Grow SF PAC,SUPPORT,GrowSF
Independent Expenditure by Coalition to Grow San Francisco - Grow SF PAC,35.0,CITY COMMISSIONS AND MAYORAL AUTHORITY,2024-10-01,Coalition to Grow San Francisco - Grow SF PAC,SUPPORT,GrowSF
Independent Expenditure by Coalition to Grow San Francisco - Grow SF PAC,1956.0,CITY COMMISSIONS AND MAYORAL AUTHORITY,2024-10-01,Coalition to Grow San Francisco - Grow SF PAC,SUPPORT,GrowSF
Independent Expenditure by Coalition to Grow San Francisco - Grow SF PAC,3431.0,CITY COMMISSIONS AND MAYORAL AUTHORITY,2024-10-01,Coalition to Grow San Francisco - Grow SF PAC,SUPPORT,GrowSF
Independent Expenditure by Coalition to Grow San Francisco - Grow SF PAC,2627.0,CITY COMMISSIONS AND MAYORAL AUTHORITY,2024-10-01,Coalition to Grow San Francisco - Grow SF PAC,SUPPORT,GrowSF
Independent Expenditure by Coalition to Grow San Francisco - Grow SF PAC,784.0,CITY COMMISSIONS AND MAYORAL AUTHORITY,2024-10-03,Coalition to Grow San Francisco - Grow SF PAC,SUPPORT,GrowSF
Independent Expenditure by Coalition to Grow San Francisco - Grow SF PAC,243.0,CITY COMMISSIONS AND MAYORAL AUTHORITY,2024-10-03,Coalition to Grow San Francisco - Grow SF PAC,SUPPORT,GrowSF
Independent Expenditure by Coalition to Grow San Francisco - Grow SF PAC,5000.0,CITY COMMISSIONS AND MAYORAL AUTHORITY,2024-10-27,Coalition to Grow San Francisco - Grow SF PAC,SUPPORT,GrowSF
Independent Expenditure by Coalition to Grow San Francisco - Grow SF PAC,4235.0,CITY COMMISSIONS AND MAYORAL AUTHORITY,2024-10-28,Coalition to Grow San Francisco - Grow SF PAC,SUPPORT,GrowSF
Independent Expenditure by Coalition to Grow San Francisco - Grow SF PAC,1471.0,DAVID CHIU,2024-09-29,Coalition to Grow San Francisco - Grow SF PAC,SUPPORT,GrowSF
Independent Expenditure by Coalition to Grow San Francisco - Grow SF PAC,1956.0,DAVID CHIU,2024-10-01,Coalition to Grow San Francisco - Grow SF PAC,SUPPORT,GrowSF
Independent Expenditure by Coalition to Grow San Francisco - Grow SF PAC,157.0,DAVID CHIU,2024-10-01,Coalition to Grow San Francisco - Grow SF PAC,SUPPORT,GrowSF
Independent Expenditure by Coalition to Grow San Francisco - Grow SF PAC,3431.0,DAVID CHIU,2024-10-01,Coalition to Grow San Francisco - Grow SF PAC,SUPPORT,GrowSF
Independent Expenditure by Coalition to Grow San Francisco - Grow SF PAC,35.0,DAVID CHIU,2024-10-01,Coalition to Grow San Francisco - Grow SF PAC,SUPPORT,GrowSF
Independent Expenditure by Coalition to Grow San Francisco - Grow SF PAC,2627.0,DAVID CHIU,2024-10-01,Coalition to Grow San Francisco - Grow SF PAC,SUPPORT,GrowSF
Independent Expenditure by Coalition to Grow San Francisco - Grow SF PAC,784.0,DAVID CHIU,2024-10-03,Coalition to Grow San Francisco - Grow SF PAC,SUPPORT,GrowSF
Independent Expenditure by Coalition to Grow San Francisco - Grow SF PAC,243.0,DAVID CHIU,2024-10-03,Coalition to Grow San Francisco - Grow SF PAC,SUPPORT,GrowSF
Independent Expenditure by Coalition to Grow San Francisco - Grow SF PAC,4235.0,DAVID CHIU,2024-10-28,Coalition to Grow San Francisco - Grow SF PAC,SUPPORT,GrowSF
Independent Expenditure by Coalition to Grow San Francisco - Grow SF PAC,1471.0,JAIME HULING,2024-09-29,Coalition to Grow San Francisco - Grow SF PAC,SUPPORT,GrowSF
Independent Expenditure by Coalition to Grow San Francisco - Grow SF PAC,157.0,JAIME HULING,2024-10-01,Coalition to Grow San Francisco - Grow SF PAC,SUPPORT,GrowSF
Independent Expenditure by Coalition to Grow San Francisco - Grow SF PAC,35.0,JAIME HULING,2024-10-01,Coalition to Grow San Francisco - Grow SF PAC,SUPPORT,GrowSF
Independent Expenditure by Coalition to Grow San Francisco - Grow SF PAC,3431.0,JAIME HULING,2024-10-01,Coalition to Grow San Francisco - Grow SF PAC,SUPPORT,GrowSF
Independent Expenditure by Coalition to Grow San Francisco - Grow SF PAC,2627.0,JAIME HULING,2024-10-01,Coalition to Grow San Francisco - Grow SF PAC,SUPPORT,GrowSF
Independent Expenditure by Coalition to Grow San Francisco - Grow SF PAC,1956.0,JAIME HULING,2024-10-01,Coalition to Grow San Francisco - Grow SF PAC,SUPPORT,GrowSF
Independent Expenditure by Coalition to Grow San Francisco - Grow SF PAC,243.0,JAIME HULING,2024-10-03,Coalition to Grow San Francisco - Grow SF PAC,SUPPORT,GrowSF
Independent Expenditure by Coalition to Grow San Francisco - Grow SF PAC,784.0,JAIME HULING,2024-10-03,Coalition to Grow San Francisco - Grow SF PAC,SUPPORT,GrowSF
Independent Expenditure by Coalition to Grow San Francisco - Grow SF PAC,4235.0,JAIME HULING,2024-10-28,Coalition to Grow San Francisco - Grow SF PAC,SUPPORT,GrowSF
Independent Expenditure by Coalition to Grow San Francisco - Grow SF PAC,1471.0,JOHN JERSIN,2024-09-29,Coalition to Grow San Francisco - Grow SF PAC,SUPPORT,GrowSF
Independent Expenditure by Coalition to Grow San Francisco - Grow SF PAC,35.0,JOHN JERSIN,2024-10-01,Coalition to Grow San Francisco - Grow SF PAC,SUPPORT,GrowSF
Independent Expenditure by Coalition to Grow San Francisco - Grow SF PAC,1956.0,JOHN JERSIN,2024-10-01,Coalition to Grow San Francisco - Grow SF PAC,SUPPORT,GrowSF
Independent Expenditure by Coalition to Grow San Francisco - Grow SF PAC,2627.0,JOHN JERSIN,2024-10-01,Coalition to Grow San Francisco - Grow SF PAC,SUPPORT,GrowSF
Independent Expenditure by Coalition to Grow San Francisco - Grow SF PAC,3431.0,JOHN JERSIN,2024-10-01,Coalition to Grow San Francisco - Grow SF PAC,SUPPORT,GrowSF
Independent Expenditure by Coalition to Grow San Francisco - Grow SF PAC,157.0,JOHN JERSIN,2024-10-01,Coalition to Grow San Francisco - Grow SF PAC,SUPPORT,GrowSF
Independent Expenditure by Coalition to Grow San Francisco - Grow SF PAC,243.0,JOHN JERSIN,2024-10-03,Coalition to Grow San Francisco - Grow SF PAC,SUPPORT,GrowSF
Independent Expenditure by Coalition to Grow San Francisco - Grow SF PAC,784.0,JOHN JERSIN,2024-10-03,Coalition to Grow San Francisco - Grow SF PAC,SUPPORT,GrowSF
Independent Expenditure by Coalition to Grow San Francisco - Grow SF PAC,4235.0,JOHN JERSIN,2024-10-28,Coalition to Grow San Francisco - Grow SF PAC,SUPPORT,GrowSF
Independent Expenditure by Coalition to Grow San Francisco - Grow SF PAC,1471.0,PARAG GUPTA,2024-09-29,Coalition to Grow San Francisco - Grow SF PAC,SUPPORT,GrowSF
Independent Expenditure by Coalition to Grow San Francisco - Grow SF PAC,157.0,PARAG GUPTA,2024-10-01,Coalition to Grow San Francisco - Grow SF PAC,SUPPORT,GrowSF
Independent Expenditure by Coalition to Grow San Francisco - Grow SF PAC,3431.0,PARAG GUPTA,2024-10-01,Coalition to Grow San Francisco - Grow SF PAC,SUPPORT,GrowSF
Independent Expenditure by Coalition to Grow San Francisco - Grow SF PAC,2627.0,PARAG GUPTA,2024-10-01,Coalition to Grow San Francisco - Grow SF PAC,SUPPORT,GrowSF
Independent Expenditure by Coalition to Grow San Francisco - Grow SF PAC,35.0,PARAG GUPTA,2024-10-01,Coalition to Grow San Francisco - Grow SF PAC,SUPPORT,GrowSF
Independent Expenditure by Coalition to Grow San Francisco - Grow SF PAC,1956.0,PARAG GUPTA,2024-10-01,Coalition to Grow San Francisco - Grow SF PAC,SUPPORT,GrowSF
Independent Expenditure by Coalition to Grow San Francisco - Grow SF PAC,784.0,PARAG GUPTA,2024-10-03,Coalition to Grow San Francisco - Grow SF PAC,SUPPORT,GrowSF
Independent Expenditure by Coalition to Grow San Francisco - Grow SF PAC,243.0,PARAG GUPTA,2024-10-03,Coalition to Grow San Francisco - Grow SF PAC,SUPPORT,GrowSF
Independent Expenditure by Coalition to Grow San Francisco - Grow SF PAC,4235.0,PARAG GUPTA,2024-10-28,Coalition to Grow San Francisco - Grow SF PAC,SUPPORT,GrowSF
Independent Expenditure by Coalition to Grow San Francisco - Grow SF PAC,1471.0,SUPRYIA RAY,2024-09-29,Coalition to Grow San Francisco - Grow SF PAC,SUPPORT,GrowSF
Independent Expenditure by Coalition to Grow San Francisco - Grow SF PAC,157.0,SUPRYIA RAY,2024-10-01,Coalition to Grow San Francisco - Grow SF PAC,SUPPORT,GrowSF
Independent Expenditure by Coalition to Grow San Francisco - Grow SF PAC,35.0,SUPRYIA RAY,2024-10-01,Coalition to Grow San Francisco - Grow SF PAC,SUPPORT,GrowSF
Independent Expenditure by Coalition to Grow San Francisco - Grow SF PAC,3431.0,SUPRYIA RAY,2024-10-01,Coalition to Grow San Francisco - Grow SF PAC,SUPPORT,GrowSF
Independent Expenditure by Coalition to Grow San Francisco - Grow SF PAC,2627.0,SUPRYIA RAY,2024-10-01,Coalition to Grow San Francisco - Grow SF PAC,SUPPORT,GrowSF
Independent Expenditure by Coalition to Grow San Francisco - Grow SF PAC,1956.0,SUPRYIA RAY,2024-10-01,Coalition to Grow San Francisco - Grow SF PAC,SUPPORT,GrowSF
Independent Expenditure by Coalition to Grow San Francisco - Grow SF PAC,784.0,SUPRYIA RAY,2024-10-03,Coalition to Grow San Francisco - Grow SF PAC,SUPPORT,GrowSF
Independent Expenditure by Coalition to Grow San Francisco - Grow SF PAC,243.0,SUPRYIA RAY,2024-10-03,Coalition to Grow San Francisco - Grow SF PAC,SUPPORT,GrowSF
Independent Expenditure by Coalition to Grow San Francisco - Grow SF PAC,4235.0,SUPRYIA RAY,2024-10-28,Coalition to Grow San Francisco - Grow SF PAC,SUPPORT,GrowSF
Independent Expenditure by TogetherSF Action,200.0,SCHOOLS IMPROVEMENT AND SAFETY BOND,2024-09-05,TogetherSF Action,SUPPORT,TogetherSF
Independent Expenditure by TogetherSF Action,955.0,SCHOOLS IMPROVEMENT AND SAFETY BOND,2024-09-05,TogetherSF Action,SUPPORT,TogetherSF
Independent Expenditure by Coalition to Grow San Francisco - Grow SF PAC,1471.0,SCHOOLS IMPROVEMENT AND SAFETY BOND,2024-09-29,Coalition to Grow San Francisco - Grow SF PAC,SUPPORT,GrowSF
Independent Expenditure by Coalition to Grow San Francisco - Grow SF PAC,1956.0,SCHOOLS IMPROVEMENT AND SAFETY BOND,2024-10-01,Coalition to Grow San Francisco - Grow SF PAC,SUPPORT,GrowSF
Independent Expenditure by Coalition to Grow San Francisco - Grow SF PAC,157.0,SCHOOLS IMPROVEMENT AND SAFETY BOND,2024-10-01,Coalition to Grow San Francisco - Grow SF PAC,SUPPORT,GrowSF
Independent Expenditure by Coalition to Grow San Francisco - Grow SF PAC,2627.0,SCHOOLS IMPROVEMENT AND SAFETY BOND,2024-10-01,Coalition to Grow San Francisco - Grow SF PAC,SUPPORT,GrowSF
Independent Expenditure by Coalition to Grow San Francisco - Grow SF PAC,3431.0,SCHOOLS IMPROVEMENT AND SAFETY BOND,2024-10-01,Coalition to Grow San Francisco - Grow SF PAC,SUPPORT,GrowSF
Independent Expenditure by TogetherSF Action,219.0,"FUNDING RENTAL SUBSIDIES FOR AFFORDABLE HOUSING DEVELOPMENTS SERVING LOW INCOME SENIORS, FAMILIES, AND PERSONS WITH DISABILITIES ",2024-09-05,TogetherSF Action,OPPOSE,TogetherSF
Independent Expenditure by TogetherSF Action,781.0,"FUNDING RENTAL SUBSIDIES FOR AFFORDABLE HOUSING DEVELOPMENTS SERVING LOW INCOME SENIORS, FAMILIES, AND PERSONS WITH DISABILITIES ",2024-09-05,TogetherSF Action,OPPOSE,TogetherSF
Independent Expenditure by Coalition to Grow San Francisco - Grow SF PAC,1471.0,"FUNDING RENTAL SUBSIDIES FOR AFFORDABLE HOUSING DEVELOPMENTS SERVING LOW INCOME SENIORS, FAMILIES, AND PERSONS WITH DISABILITIES ",2024-09-29,Coalition to Grow San Francisco - Grow SF PAC,OPPOSE,GrowSF
Independent Expenditure by Coalition to Grow San Francisco - Grow SF PAC,35.0,"FUNDING RENTAL SUBSIDIES FOR AFFORDABLE HOUSING DEVELOPMENTS SERVING LOW INCOME SENIORS, FAMILIES, AND PERSONS WITH DISABILITIES ",2024-10-01,Coalition to Grow San Francisco - Grow SF PAC,OPPOSE,GrowSF
Independent Expenditure by Coalition to Grow San Francisco - Grow SF PAC,3431.0,"FUNDING RENTAL SUBSIDIES FOR AFFORDABLE HOUSING DEVELOPMENTS SERVING LOW INCOME SENIORS, FAMILIES, AND PERSONS WITH DISABILITIES ",2024-10-01,Coalition to Grow San Francisco - Grow SF PAC,OPPOSE,GrowSF
Independent Expenditure by Coalition to Grow San Francisco - Grow SF PAC,2627.0,"FUNDING RENTAL SUBSIDIES FOR AFFORDABLE HOUSING DEVELOPMENTS SERVING LOW INCOME SENIORS, FAMILIES, AND PERSONS WITH DISABILITIES ",2024-10-01,Coalition to Grow San Francisco - Grow SF PAC,OPPOSE,GrowSF
Independent Expenditure by Coalition to Grow San Francisco - Grow SF PAC,1956.0,"FUNDING RENTAL SUBSIDIES FOR AFFORDABLE HOUSING DEVELOPMENTS SERVING LOW INCOME SENIORS, FAMILIES, AND PERSONS WITH DISABILITIES ",2024-10-01,Coalition to Grow San Francisco - Grow SF PAC,OPPOSE,GrowSF
Independent Expenditure by Coalition to Grow San Francisco - Grow SF PAC,157.0,"FUNDING RENTAL SUBSIDIES FOR AFFORDABLE HOUSING DEVELOPMENTS SERVING LOW INCOME SENIORS, FAMILIES, AND PERSONS WITH DISABILITIES ",2024-10-01,Coalition to Grow San Francisco - Grow SF PAC,OPPOSE,GrowSF
Independent Expenditure by Coalition to Grow San Francisco - Grow SF PAC,243.0,"FUNDING RENTAL SUBSIDIES FOR AFFORDABLE HOUSING DEVELOPMENTS SERVING LOW INCOME SENIORS, FAMILIES, AND PERSONS WITH DISABILITIES ",2024-10-03,Coalition to Grow San Francisco - Grow SF PAC,OPPOSE,GrowSF
Independent Expenditure by Coalition to Grow San Francisco - Grow SF PAC,784.0,"FUNDING RENTAL SUBSIDIES FOR AFFORDABLE HOUSING DEVELOPMENTS SERVING LOW INCOME SENIORS, FAMILIES, AND PERSONS WITH DISABILITIES ",2024-10-03,Coalition to Grow San Francisco - Grow SF PAC,OPPOSE,GrowSF
Independent Expenditure by Coalition to Grow San Francisco - Grow SF PAC,4235.0,"FUNDING RENTAL SUBSIDIES FOR AFFORDABLE HOUSING DEVELOPMENTS SERVING LOW INCOME SENIORS, FAMILIES, AND PERSONS WITH DISABILITIES ",2024-10-28,Coalition to Grow San Francisco - Grow SF PAC,OPPOSE,GrowSF
Independent Expenditure by TogetherSF Action,781.0,RETIREMENT BENEFITS FOR NURSES AND 911 OPERATORS,2024-09-05,TogetherSF Action,OPPOSE,TogetherSF
Independent Expenditure by TogetherSF Action,219.0,RETIREMENT BENEFITS FOR NURSES AND 911 OPERATORS,2024-09-05,TogetherSF Action,OPPOSE,TogetherSF
Independent Expenditure by TogetherSF Action,781.0,FIRST RESPONDER STUDENT LOAN AND TRAINING REIMBURSEMENT FUND,2024-09-05,TogetherSF Action,OPPOSE,TogetherSF
Independent Expenditure by TogetherSF Action,219.0,FIRST RESPONDER STUDENT LOAN AND TRAINING REIMBURSEMENT FUND,2024-09-05,TogetherSF Action,OPPOSE,TogetherSF
COALITION TO GROW SAN FRANCISCO - GROW SF,950.0,CONNIE CHAN,2024-10-19,COALITION TO GROW SAN FRANCISCO - GROW SF PAC OPPOSING CHAN FOR SUPERVISOR 2024,OPPOSE,GrowSF
COALITION TO GROW SAN FRANCISCO - GROW SF,3875.0,DEAN PRESTON,2024-10-19,COALITION TO GROW SAN FRANCISCO - GROW SF PAC OPPOSING PRESTON FOR SUPERVISOR 2024,OPPOSE,GrowSF
TOGETHERSF ACTION,985.0,MARJAN PHILHOUR,2024-09-12,VOTE MARJAN PHILHOUR FOR SUPERVISOR 2024,SUPPORT,TogetherSF
TOGETHERSF ACTION,1185.0,TREVOR CHANDLER,2024-09-12,TREVOR CHANDLER FOR SUPERVISOR 2024,SUPPORT,TogetherSF
TOGETHERSF ACTION,985.0,MATTHEW BOSCHETTO,2024-09-25,MATT BOSCHETTO FOR D7 SUPERVISOR 2024,SUPPORT,TogetherSF
TOGETHERSF,1260.0,DANNY SAUTER,2024-09-19,DANNY SAUTER FOR SUPERVISOR 2024,SUPPORT,TogetherSF
ABUNDANCE NETWORK,20917.0,LONDON BREED,2024-09-26,"FORWARD ACTION SF, SUPPORTING LONDON BREED FOR MAYOR 2024, SPONSORED BY ABUNDANCE NETWORK",SUPPORT,Abundance Network
ABUNDANCE NETWORK,336.0,MICHAEL LAI,2024-10-11,MICHAEL LAI FOR SUPERVISOR 2024,SUPPORT,Abundance Network
ABUNDANCE NETWORK,346.0,SUPRYIA RAY,2024-10-15,RAY FOR SCHOOL BOARD 2024,SUPPORT,Abundance Network
GROWSF VOTER GUIDE,5000.0,ADDITIONAL BUSINESS TAX ON TRANSPORTATION NETWORK COMPANIES AND AUTONOMOUS VEHICLE BUSINESSES TO FUND PUBLIC TRANSPORTATION,2024-09-27,SF FOR MUNI ACCOUNTABILITY AND RELIABLE SERVICE - NO ON PROP L,OPPOSE,GrowSF
GROWSF VOTER GUIDE,5000.0,ADDITIONAL BUSINESS TAX ON TRANSPORTATION NETWORK COMPANIES AND AUTONOMOUS VEHICLE BUSINESSES TO FUND PUBLIC TRANSPORTATION,2024-10-01,SF FOR MUNI ACCOUNTABILITY AND RELIABLE SERVICE - NO ON PROP L,OPPOSE,GrowSF
Independent Expenditure by Coalition to Grow San Francisco - Grow SF PAC,35.0,SCHOOLS IMPROVEMENT AND SAFETY BOND,2024-10-01,Coalition to Grow San Francisco - Grow SF PAC,SUPPORT,GrowSF
Independent Expenditure by Coalition to Grow San Francisco - Grow SF PAC,784.0,SCHOOLS IMPROVEMENT AND SAFETY BOND,2024-10-03,Coalition to Grow San Francisco - Grow SF PAC,SUPPORT,GrowSF
Independent Expenditure by Coalition to Grow San Francisco - Grow SF PAC,243.0,SCHOOLS IMPROVEMENT AND SAFETY BOND,2024-10-03,Coalition to Grow San Francisco - Grow SF PAC,SUPPORT,GrowSF
Independent Expenditure by Coalition to Grow San Francisco - Grow SF PAC,4235.0,SCHOOLS IMPROVEMENT AND SAFETY BOND,2024-10-28,Coalition to Grow San Francisco - Grow SF PAC,SUPPORT,GrowSF
Independent Expenditure by TogetherSF Action,200.0,CHANGES TO BUSINESS TAXES,2024-09-05,TogetherSF Action,SUPPORT,TogetherSF
Independent Expenditure by TogetherSF Action,955.0,CHANGES TO BUSINESS TAXES,2024-09-05,TogetherSF Action,SUPPORT,TogetherSF
Independent Expenditure by Coalition to Grow San Francisco - Grow SF PAC,1471.0,CHANGES TO BUSINESS TAXES,2024-09-29,Coalition to Grow San Francisco - Grow SF PAC,SUPPORT,GrowSF
Independent Expenditure by Coalition to Grow San Francisco - Grow SF PAC,3431.0,CHANGES TO BUSINESS TAXES,2024-10-01,Coalition to Grow San Francisco - Grow SF PAC,SUPPORT,GrowSF
Independent Expenditure by Coalition to Grow San Francisco - Grow SF PAC,1956.0,CHANGES TO BUSINESS TAXES,2024-10-01,Coalition to Grow San Francisco - Grow SF PAC,SUPPORT,GrowSF
Independent Expenditure by Coalition to Grow San Francisco - Grow SF PAC,157.0,CHANGES TO BUSINESS TAXES,2024-10-01,Coalition to Grow San Francisco - Grow SF PAC,SUPPORT,GrowSF
Independent Expenditure by Coalition to Grow San Francisco - Grow SF PAC,35.0,CHANGES TO BUSINESS TAXES,2024-10-01,Coalition to Grow San Francisco - Grow SF PAC,SUPPORT,GrowSF
Independent Expenditure by Coalition to Grow San Francisco - Grow SF PAC,2627.0,CHANGES TO BUSINESS TAXES,2024-10-01,Coalition to Grow San Francisco - Grow SF PAC,SUPPORT,GrowSF
Independent Expenditure by Coalition to Grow San Francisco - Grow SF PAC,784.0,CHANGES TO BUSINESS TAXES,2024-10-03,Coalition to Grow San Francisco - Grow SF PAC,SUPPORT,GrowSF
Independent Expenditure by Coalition to Grow San Francisco - Grow SF PAC,243.0,CHANGES TO BUSINESS TAXES,2024-10-03,Coalition to Grow San Francisco - Grow SF PAC,SUPPORT,GrowSF
Independent Expenditure by Coalition to Grow San Francisco - Grow SF PAC,4000.0,CHANGES TO BUSINESS TAXES,2024-10-27,Coalition to Grow San Francisco - Grow SF PAC,SUPPORT,GrowSF
Independent Expenditure by Coalition to Grow San Francisco - Grow SF PAC,4235.0,CHANGES TO BUSINESS TAXES,2024-10-28,Coalition to Grow San Francisco - Grow SF PAC,SUPPORT,GrowSF
Independent Expenditure by Coalition to Grow San Francisco - Grow SF PAC,4500.0,CHANGES TO BUSINESS TAXES,2024-10-31,Coalition to Grow San Francisco - Grow SF PAC,SUPPORT,GrowSF
Independent Expenditure by TogetherSF Action,200.0,SUPPORTING REPRODUCTIVE RIGHTS,2024-09-05,TogetherSF Action,SUPPORT,TogetherSF
Independent Expenditure by TogetherSF Action,955.0,SUPPORTING REPRODUCTIVE RIGHTS,2024-09-05,TogetherSF Action,SUPPORT,TogetherSF
Independent Expenditure by Coalition to Grow San Francisco - Grow SF PAC,1471.0,SUPPORTING REPRODUCTIVE RIGHTS,2024-09-29,Coalition to Grow San Francisco - Grow SF PAC,SUPPORT,GrowSF
Independent Expenditure by Coalition to Grow San Francisco - Grow SF PAC,1956.0,SUPPORTING REPRODUCTIVE RIGHTS,2024-10-01,Coalition to Grow San Francisco - Grow SF PAC,SUPPORT,GrowSF
Independent Expenditure by Coalition to Grow San Francisco - Grow SF PAC,2627.0,SUPPORTING REPRODUCTIVE RIGHTS,2024-10-01,Coalition to Grow San Francisco - Grow SF PAC,SUPPORT,GrowSF
Independent Expenditure by Coalition to Grow San Francisco - Grow SF PAC,35.0,SUPPORTING REPRODUCTIVE RIGHTS,2024-10-01,Coalition to Grow San Francisco - Grow SF PAC,SUPPORT,GrowSF
Independent Expenditure by Coalition to Grow San Francisco - Grow SF PAC,3431.0,SUPPORTING REPRODUCTIVE RIGHTS,2024-10-01,Coalition to Grow San Francisco - Grow SF PAC,SUPPORT,GrowSF
Independent Expenditure by Coalition to Grow San Francisco - Grow SF PAC,157.0,SUPPORTING REPRODUCTIVE RIGHTS,2024-10-01,Coalition to Grow San Francisco - Grow SF PAC,SUPPORT,GrowSF
Independent Expenditure by Coalition to Grow San Francisco - Grow SF PAC,784.0,SUPPORTING REPRODUCTIVE RIGHTS,2024-10-03,Coalition to Grow San Francisco - Grow SF PAC,SUPPORT,GrowSF
Independent Expenditure by Coalition to Grow San Francisco - Grow SF PAC,243.0,SUPPORTING REPRODUCTIVE RIGHTS,2024-10-03,Coalition to Grow San Francisco - Grow SF PAC,SUPPORT,GrowSF
Independent Expenditure by Coalition to Grow San Francisco - Grow SF PAC,4235.0,SUPPORTING REPRODUCTIVE RIGHTS,2024-10-28,Coalition to Grow San Francisco - Grow SF PAC,SUPPORT,GrowSF
Independent Expenditure by Coalition to Grow San Francisco - Grow SF PAC,1471.0,PERMANENTLY CLOSING THE UPPER GREAT HIGHWAY TO PRIVATE VEHICLES TO ESTABLISH A PUBLIC OPEN RECREATION SPACE,2024-09-29,Coalition to Grow San Francisco - Grow SF PAC,SUPPORT,GrowSF
Independent Expenditure by Coalition to Grow San Francisco - Grow SF PAC,1956.0,PERMANENTLY CLOSING THE UPPER GREAT HIGHWAY TO PRIVATE VEHICLES TO ESTABLISH A PUBLIC OPEN RECREATION SPACE,2024-10-01,Coalition to Grow San Francisco - Grow SF PAC,SUPPORT,GrowSF
Independent Expenditure by Coalition to Grow San Francisco - Grow SF PAC,2627.0,PERMANENTLY CLOSING THE UPPER GREAT HIGHWAY TO PRIVATE VEHICLES TO ESTABLISH A PUBLIC OPEN RECREATION SPACE,2024-10-01,Coalition to Grow San Francisco - Grow SF PAC,SUPPORT,GrowSF
Independent Expenditure by Coalition to Grow San Francisco - Grow SF PAC,157.0,PERMANENTLY CLOSING THE UPPER GREAT HIGHWAY TO PRIVATE VEHICLES TO ESTABLISH A PUBLIC OPEN RECREATION SPACE,2024-10-01,Coalition to Grow San Francisco - Grow SF PAC,SUPPORT,GrowSF
Independent Expenditure by Coalition to Grow San Francisco - Grow SF PAC,35.0,PERMANENTLY CLOSING THE UPPER GREAT HIGHWAY TO PRIVATE VEHICLES TO ESTABLISH A PUBLIC OPEN RECREATION SPACE,2024-10-01,Coalition to Grow San Francisco - Grow SF PAC,SUPPORT,GrowSF
Independent Expenditure by Coalition to Grow San Francisco - Grow SF PAC,3431.0,PERMANENTLY CLOSING THE UPPER GREAT HIGHWAY TO PRIVATE VEHICLES TO ESTABLISH A PUBLIC OPEN RECREATION SPACE,2024-10-01,Coalition to Grow San Francisco - Grow SF PAC,SUPPORT,GrowSF
Independent Expenditure by Coalition to Grow San Francisco - Grow SF PAC,243.0,PERMANENTLY CLOSING THE UPPER GREAT HIGHWAY TO PRIVATE VEHICLES TO ESTABLISH A PUBLIC OPEN RECREATION SPACE,2024-10-03,Coalition to Grow San Francisco - Grow SF PAC,SUPPORT,GrowSF
Independent Expenditure by Coalition to Grow San Francisco - Grow SF PAC,784.0,PERMANENTLY CLOSING THE UPPER GREAT HIGHWAY TO PRIVATE VEHICLES TO ESTABLISH A PUBLIC OPEN RECREATION SPACE,2024-10-03,Coalition to Grow San Francisco - Grow SF PAC,SUPPORT,GrowSF
Independent Expenditure by Coalition to Grow San Francisco - Grow SF PAC,4235.0,PERMANENTLY CLOSING THE UPPER GREAT HIGHWAY TO PRIVATE VEHICLES TO ESTABLISH A PUBLIC OPEN RECREATION SPACE,2024-10-28,Coalition to Grow San Francisco - Grow SF PAC,SUPPORT,GrowSF
Independent Expenditure by TogetherSF Action,200.0,"COMMUNITY HEALTH AND MEDICAL FACILITIES, STREET SAFETY, PUBLIC SPACES, AND SHELTER TO REDUCE HOMELESSNESS BOND",2024-09-05,TogetherSF Action,SUPPORT,TogetherSF
Independent Expenditure by TogetherSF Action,955.0,"COMMUNITY HEALTH AND MEDICAL FACILITIES, STREET SAFETY, PUBLIC SPACES, AND SHELTER TO REDUCE HOMELESSNESS BOND",2024-09-05,TogetherSF Action,SUPPORT,TogetherSF
Independent Expenditure by Coalition to Grow San Francisco - Grow SF PAC,1471.0,"COMMUNITY HEALTH AND MEDICAL FACILITIES, STREET SAFETY, PUBLIC SPACES, AND SHELTER TO REDUCE HOMELESSNESS BOND",2024-09-29,Coalition to Grow San Francisco - Grow SF PAC,SUPPORT,GrowSF
Independent Expenditure by Coalition to Grow San Francisco - Grow SF PAC,3431.0,"COMMUNITY HEALTH AND MEDICAL FACILITIES, STREET SAFETY, PUBLIC SPACES, AND SHELTER TO REDUCE HOMELESSNESS BOND",2024-10-01,Coalition to Grow San Francisco - Grow SF PAC,SUPPORT,GrowSF
Independent Expenditure by Coalition to Grow San Francisco - Grow SF PAC,1956.0,"COMMUNITY HEALTH AND MEDICAL FACILITIES, STREET SAFETY, PUBLIC SPACES, AND SHELTER TO REDUCE HOMELESSNESS BOND",2024-10-01,Coalition to Grow San Francisco - Grow SF PAC,SUPPORT,GrowSF
Independent Expenditure by Coalition to Grow San Francisco - Grow SF PAC,2627.0,"COMMUNITY HEALTH AND MEDICAL FACILITIES, STREET SAFETY, PUBLIC SPACES, AND SHELTER TO REDUCE HOMELESSNESS BOND",2024-10-01,Coalition to Grow San Francisco - Grow SF PAC,SUPPORT,GrowSF
Independent Expenditure by Coalition to Grow San Francisco - Grow SF PAC,157.0,"COMMUNITY HEALTH AND MEDICAL FACILITIES, STREET SAFETY, PUBLIC SPACES, AND SHELTER TO REDUCE HOMELESSNESS BOND",2024-10-01,Coalition to Grow San Francisco - Grow SF PAC,SUPPORT,GrowSF
Independent Expenditure by Coalition to Grow San Francisco - Grow SF PAC,35.0,"COMMUNITY HEALTH AND MEDICAL FACILITIES, STREET SAFETY, PUBLIC SPACES, AND SHELTER TO REDUCE HOMELESSNESS BOND",2024-10-01,Coalition to Grow San Francisco - Grow SF PAC,SUPPORT,GrowSF
Independent Expenditure by Coalition to Grow San Francisco - Grow SF PAC,243.0,"COMMUNITY HEALTH AND MEDICAL FACILITIES, STREET SAFETY, PUBLIC SPACES, AND SHELTER TO REDUCE HOMELESSNESS BOND",2024-10-03,Coalition to Grow San Francisco - Grow SF PAC,SUPPORT,GrowSF
Independent Expenditure by Coalition to Grow San Francisco - Grow SF PAC,784.0,"COMMUNITY HEALTH AND MEDICAL FACILITIES, STREET SAFETY, PUBLIC SPACES, AND SHELTER TO REDUCE HOMELESSNESS BOND",2024-10-03,Coalition to Grow San Francisco - Grow SF PAC,SUPPORT,GrowSF
Independent Expenditure by Coalition to Grow San Francisco - Grow SF PAC,4235.0,"COMMUNITY HEALTH AND MEDICAL FACILITIES, STREET SAFETY, PUBLIC SPACES, AND SHELTER TO REDUCE HOMELESSNESS BOND",2024-10-28,Coalition to Grow San Francisco - Grow SF PAC,SUPPORT,GrowSF
Independent Expenditure by TogetherSF Action,955.0,POLICE STAFFING AND DEFERRED RETIREMENT,2024-09-05,TogetherSF Action,SUPPORT,TogetherSF
Independent Expenditure by TogetherSF Action,200.0,POLICE STAFFING AND DEFERRED RETIREMENT,2024-09-05,TogetherSF Action,SUPPORT,TogetherSF
Independent Expenditure by Coalition to Grow San Francisco - Grow SF PAC,1471.0,POLICE STAFFING AND DEFERRED RETIREMENT,2024-09-29,Coalition to Grow San Francisco - Grow SF PAC,SUPPORT,GrowSF
Independent Expenditure by Coalition to Grow San Francisco - Grow SF PAC,1956.0,POLICE STAFFING AND DEFERRED RETIREMENT,2024-10-01,Coalition to Grow San Francisco - Grow SF PAC,SUPPORT,GrowSF
Independent Expenditure by Coalition to Grow San Francisco - Grow SF PAC,35.0,POLICE STAFFING AND DEFERRED RETIREMENT,2024-10-01,Coalition to Grow San Francisco - Grow SF PAC,SUPPORT,GrowSF
Independent Expenditure by Coalition to Grow San Francisco - Grow SF PAC,157.0,POLICE STAFFING AND DEFERRED RETIREMENT,2024-10-01,Coalition to Grow San Francisco - Grow SF PAC,SUPPORT,GrowSF
Independent Expenditure by Coalition to Grow San Francisco - Grow SF PAC,3431.0,POLICE STAFFING AND DEFERRED RETIREMENT,2024-10-01,Coalition to Grow San Francisco - Grow SF PAC,SUPPORT,GrowSF
Independent Expenditure by Coalition to Grow San Francisco - Grow SF PAC,2627.0,POLICE STAFFING AND DEFERRED RETIREMENT,2024-10-01,Coalition to Grow San Francisco - Grow SF PAC,SUPPORT,GrowSF
Independent Expenditure by Coalition to Grow San Francisco - Grow SF PAC,784.0,POLICE STAFFING AND DEFERRED RETIREMENT,2024-10-03,Coalition to Grow San Francisco - Grow SF PAC,SUPPORT,GrowSF
Independent Expenditure by Coalition to Grow San Francisco - Grow SF PAC,243.0,POLICE STAFFING AND DEFERRED RETIREMENT,2024-10-03,Coalition to Grow San Francisco - Grow SF PAC,SUPPORT,GrowSF
Independent Expenditure by Coalition to Grow San Francisco - Grow SF PAC,4235.0,POLICE STAFFING AND DEFERRED RETIREMENT,2024-10-28,Coalition to Grow San Francisco - Grow SF PAC,SUPPORT,GrowSF
Independent Expenditure by Coalition to Grow San Francisco - Grow SF PAC,1471.0,RETIREMENT BENEFITS FOR NURSES AND 911 OPERATORS,2024-09-29,Coalition to Grow San Francisco - Grow SF PAC,SUPPORT,GrowSF
Independent Expenditure by Coalition to Grow San Francisco - Grow SF PAC,2627.0,RETIREMENT BENEFITS FOR NURSES AND 911 OPERATORS,2024-10-01,Coalition to Grow San Francisco - Grow SF PAC,SUPPORT,GrowSF
Independent Expenditure by Coalition to Grow San Francisco - Grow SF PAC,1956.0,RETIREMENT BENEFITS FOR NURSES AND 911 OPERATORS,2024-10-01,Coalition to Grow San Francisco - Grow SF PAC,SUPPORT,GrowSF
Independent Expenditure by Coalition to Grow San Francisco - Grow SF PAC,35.0,RETIREMENT BENEFITS FOR NURSES AND 911 OPERATORS,2024-10-01,Coalition to Grow San Francisco - Grow SF PAC,SUPPORT,GrowSF
Independent Expenditure by Coalition to Grow San Francisco - Grow SF PAC,3431.0,RETIREMENT BENEFITS FOR NURSES AND 911 OPERATORS,2024-10-01,Coalition to Grow San Francisco - Grow SF PAC,SUPPORT,GrowSF
Independent Expenditure by Coalition to Grow San Francisco - Grow SF PAC,157.0,RETIREMENT BENEFITS FOR NURSES AND 911 OPERATORS,2024-10-01,Coalition to Grow San Francisco - Grow SF PAC,SUPPORT,GrowSF
Independent Expenditure by Coalition to Grow San Francisco - Grow SF PAC,784.0,RETIREMENT BENEFITS FOR NURSES AND 911 OPERATORS,2024-10-03,Coalition to Grow San Francisco - Grow SF PAC,SUPPORT,GrowSF
Independent Expenditure by Coalition to Grow San Francisco - Grow SF PAC,243.0,RETIREMENT BENEFITS FOR NURSES AND 911 OPERATORS,2024-10-03,Coalition to Grow San Francisco - Grow SF PAC,SUPPORT,GrowSF
Independent Expenditure by Coalition to Grow San Francisco - Grow SF PAC,4235.0,RETIREMENT BENEFITS FOR NURSES AND 911 OPERATORS,2024-10-28,Coalition to Grow San Francisco - Grow SF PAC,SUPPORT,GrowSF
Independent Expenditure by Coalition to Grow San Francisco - Grow SF PAC,1471.0,FIRST RESPONDER STUDENT LOAN AND TRAINING REIMBURSEMENT FUND,2024-09-29,Coalition to Grow San Francisco - Grow SF PAC,SUPPORT,GrowSF
Independent Expenditure by Coalition to Grow San Francisco - Grow SF PAC,2627.0,FIRST RESPONDER STUDENT LOAN AND TRAINING REIMBURSEMENT FUND,2024-10-01,Coalition to Grow San Francisco - Grow SF PAC,SUPPORT,GrowSF
Independent Expenditure by Coalition to Grow San Francisco - Grow SF PAC,1956.0,FIRST RESPONDER STUDENT LOAN AND TRAINING REIMBURSEMENT FUND,2024-10-01,Coalition to Grow San Francisco - Grow SF PAC,SUPPORT,GrowSF
Independent Expenditure by Coalition to Grow San Francisco - Grow SF PAC,3431.0,FIRST RESPONDER STUDENT LOAN AND TRAINING REIMBURSEMENT FUND,2024-10-01,Coalition to Grow San Francisco - Grow SF PAC,SUPPORT,GrowSF
Independent Expenditure by Coalition to Grow San Francisco - Grow SF PAC,35.0,FIRST RESPONDER STUDENT LOAN AND TRAINING REIMBURSEMENT FUND,2024-10-01,Coalition to Grow San Francisco - Grow SF PAC,SUPPORT,GrowSF
Independent Expenditure by Coalition to Grow San Francisco - Grow SF PAC,157.0,FIRST RESPONDER STUDENT LOAN AND TRAINING REIMBURSEMENT FUND,2024-10-01,Coalition to Grow San Francisco - Grow SF PAC,SUPPORT,GrowSF
Independent Expenditure by Coalition to Grow San Francisco - Grow SF PAC,784.0,FIRST RESPONDER STUDENT LOAN AND TRAINING REIMBURSEMENT FUND,2024-10-03,Coalition to Grow San Francisco - Grow SF PAC,SUPPORT,GrowSF
Independent Expenditure by Coalition to Grow San Francisco - Grow SF PAC,243.0,FIRST RESPONDER STUDENT LOAN AND TRAINING REIMBURSEMENT FUND,2024-10-03,Coalition to Grow San Francisco - Grow SF PAC,SUPPORT,GrowSF
Independent Expenditure by Coalition to Grow San Francisco - Grow SF PAC,4235.0,FIRST RESPONDER STUDENT LOAN AND TRAINING REIMBURSEMENT FUND,2024-10-28,Coalition to Grow San Francisco - Grow SF PAC,SUPPORT,GrowSF
Independent Expenditure by TogetherSF Action,955.0,"FUNDING PROGRAMS SERVING CHILDREN, YOUTH, AND FAMILIES ",2024-09-05,TogetherSF Action,SUPPORT,TogetherSF
Independent Expenditure by TogetherSF Action,200.0,"FUNDING PROGRAMS SERVING CHILDREN, YOUTH, AND FAMILIES ",2024-09-05,TogetherSF Action,SUPPORT,TogetherSF
Independent Expenditure by Coalition to Grow San Francisco - Grow SF PAC,1471.0,"FUNDING PROGRAMS SERVING CHILDREN, YOUTH, AND FAMILIES ",2024-09-29,Coalition to Grow San Francisco - Grow SF PAC,SUPPORT,GrowSF
Independent Expenditure by Coalition to Grow San Francisco - Grow SF PAC,157.0,"FUNDING PROGRAMS SERVING CHILDREN, YOUTH, AND FAMILIES ",2024-10-01,Coalition to Grow San Francisco - Grow SF PAC,SUPPORT,GrowSF
Independent Expenditure by Coalition to Grow San Francisco - Grow SF PAC,2627.0,"FUNDING PROGRAMS SERVING CHILDREN, YOUTH, AND FAMILIES ",2024-10-01,Coalition to Grow San Francisco - Grow SF PAC,SUPPORT,GrowSF
Independent Expenditure by Coalition to Grow San Francisco - Grow SF PAC,35.0,"FUNDING PROGRAMS SERVING CHILDREN, YOUTH, AND FAMILIES ",2024-10-01,Coalition to Grow San Francisco - Grow SF PAC,SUPPORT,GrowSF
Independent Expenditure by Coalition to Grow San Francisco - Grow SF PAC,1956.0,"FUNDING PROGRAMS SERVING CHILDREN, YOUTH, AND FAMILIES ",2024-10-01,Coalition to Grow San Francisco - Grow SF PAC,SUPPORT,GrowSF
Independent Expenditure by Coalition to Grow San Francisco - Grow SF PAC,3431.0,"FUNDING PROGRAMS SERVING CHILDREN, YOUTH, AND FAMILIES ",2024-10-01,Coalition to Grow San Francisco - Grow SF PAC,SUPPORT,GrowSF
Independent Expenditure by Coalition to Grow San Francisco - Grow SF PAC,784.0,"FUNDING PROGRAMS SERVING CHILDREN, YOUTH, AND FAMILIES ",2024-10-03,Coalition to Grow San Francisco - Grow SF PAC,SUPPORT,GrowSF
Independent Expenditure by Coalition to Grow San Francisco - Grow SF PAC,243.0,"FUNDING PROGRAMS SERVING CHILDREN, YOUTH, AND FAMILIES ",2024-10-03,Coalition to Grow San Francisco - Grow SF PAC,SUPPORT,GrowSF
Independent Expenditure by Coalition to Grow San Francisco - Grow SF PAC,4235.0,"FUNDING PROGRAMS SERVING CHILDREN, YOUTH, AND FAMILIES ",2024-10-28,Coalition to Grow San Francisco - Grow SF PAC,SUPPORT,GrowSF
Independent Expenditure by TogetherSF Action,219.0,RETIREMENT BENEFITS FOR FIREFIGHTERS,2024-09-05,TogetherSF Action,SUPPORT,TogetherSF
Independent Expenditure by TogetherSF Action,781.0,RETIREMENT BENEFITS FOR FIREFIGHTERS,2024-09-05,TogetherSF Action,SUPPORT,TogetherSF
Independent Expenditure by Coalition to Grow San Francisco - Grow SF PAC,1471.0,RETIREMENT BENEFITS FOR FIREFIGHTERS,2024-09-29,Coalition to Grow San Francisco - Grow SF PAC,SUPPORT,GrowSF
Independent Expenditure by Coalition to Grow San Francisco - Grow SF PAC,35.0,RETIREMENT BENEFITS FOR FIREFIGHTERS,2024-10-01,Coalition to Grow San Francisco - Grow SF PAC,SUPPORT,GrowSF
Independent Expenditure by Coalition to Grow San Francisco - Grow SF PAC,3431.0,RETIREMENT BENEFITS FOR FIREFIGHTERS,2024-10-01,Coalition to Grow San Francisco - Grow SF PAC,SUPPORT,GrowSF
Independent Expenditure by Coalition to Grow San Francisco - Grow SF PAC,1956.0,RETIREMENT BENEFITS FOR FIREFIGHTERS,2024-10-01,Coalition to Grow San Francisco - Grow SF PAC,SUPPORT,GrowSF
Independent Expenditure by Coalition to Grow San Francisco - Grow SF PAC,157.0,RETIREMENT BENEFITS FOR FIREFIGHTERS,2024-10-01,Coalition to Grow San Francisco - Grow SF PAC,SUPPORT,GrowSF
Independent Expenditure by Coalition to Grow San Francisco - Grow SF PAC,2627.0,RETIREMENT BENEFITS FOR FIREFIGHTERS,2024-10-01,Coalition to Grow San Francisco - Grow SF PAC,SUPPORT,GrowSF
Independent Expenditure by Coalition to Grow San Francisco - Grow SF PAC,784.0,RETIREMENT BENEFITS FOR FIREFIGHTERS,2024-10-03,Coalition to Grow San Francisco - Grow SF PAC,SUPPORT,GrowSF
Independent Expenditure by Coalition to Grow San Francisco - Grow SF PAC,243.0,RETIREMENT BENEFITS FOR FIREFIGHTERS,2024-10-03,Coalition to Grow San Francisco - Grow SF PAC,SUPPORT,GrowSF
Independent Expenditure by Coalition to Grow San Francisco - Grow SF PAC,4235.0,RETIREMENT BENEFITS FOR FIREFIGHTERS,2024-10-28,Coalition to Grow San Francisco - Grow SF PAC,SUPPORT,GrowSF
Independent Expenditure by TogetherSF Action,1223.0,DANIEL LURIE,2024-09-05,TogetherSF Action,SUPPORT,TogetherSF
Independent Expenditure by TogetherSF Action,300.0,DANIEL LURIE,2024-09-05,TogetherSF Action,SUPPORT,TogetherSF
Independent Expenditure by Coalition to Grow San Francisco - Grow SF PAC,1471.0,DANIEL LURIE,2024-09-29,Coalition to Grow San Francisco - Grow SF PAC,SUPPORT,GrowSF
Independent Expenditure by Coalition to Grow San Francisco - Grow SF PAC,157.0,DANIEL LURIE,2024-10-01,Coalition to Grow San Francisco - Grow SF PAC,SUPPORT,GrowSF
Independent Expenditure by Coalition to Grow San Francisco - Grow SF PAC,2627.0,DANIEL LURIE,2024-10-01,Coalition to Grow San Francisco - Grow SF PAC,SUPPORT,GrowSF
Independent Expenditure by Coalition to Grow San Francisco - Grow SF PAC,3431.0,DANIEL LURIE,2024-10-01,Coalition to Grow San Francisco - Grow SF PAC,SUPPORT,GrowSF
Independent Expenditure by Coalition to Grow San Francisco - Grow SF PAC,35.0,DANIEL LURIE,2024-10-01,Coalition to Grow San Francisco - Grow SF PAC,SUPPORT,GrowSF
Independent Expenditure by Coalition to Grow San Francisco - Grow SF PAC,1956.0,DANIEL LURIE,2024-10-01,Coalition to Grow San Francisco - Grow SF PAC,SUPPORT,GrowSF
Independent Expenditure by Coalition to Grow San Francisco - Grow SF PAC,784.0,DANIEL LURIE,2024-10-03,Coalition to Grow San Francisco - Grow SF PAC,SUPPORT,GrowSF
Independent Expenditure by Coalition to Grow San Francisco - Grow SF PAC,243.0,DANIEL LURIE,2024-10-03,Coalition to Grow San Francisco - Grow SF PAC,SUPPORT,GrowSF
Independent Expenditure by Coalition to Grow San Francisco - Grow SF PAC,4235.0,DANIEL LURIE,2024-10-28,Coalition to Grow San Francisco - Grow SF PAC,SUPPORT,GrowSF
Independent Expenditure by TogetherSF Action,300.0,LONDON BREED,2024-09-05,TogetherSF Action,SUPPORT,TogetherSF
Independent Expenditure by TogetherSF Action,1223.0,LONDON BREED,2024-09-05,TogetherSF Action,SUPPORT,TogetherSF
Independent Expenditure by Coalition to Grow San Francisco - Grow SF PAC,1471.0,LONDON BREED,2024-09-29,Coalition to Grow San Francisco - Grow SF PAC,SUPPORT,GrowSF
Independent Expenditure by Coalition to Grow San Francisco - Grow SF PAC,2627.0,LONDON BREED,2024-10-01,Coalition to Grow San Francisco - Grow SF PAC,SUPPORT,GrowSF
Independent Expenditure by Coalition to Grow San Francisco - Grow SF PAC,157.0,LONDON BREED,2024-10-01,Coalition to Grow San Francisco - Grow SF PAC,SUPPORT,GrowSF
Independent Expenditure by Coalition to Grow San Francisco - Grow SF PAC,35.0,LONDON BREED,2024-10-01,Coalition to Grow San Francisco - Grow SF PAC,SUPPORT,GrowSF
Independent Expenditure by Coalition to Grow San Francisco - Grow SF PAC,3431.0,LONDON BREED,2024-10-01,Coalition to Grow San Francisco - Grow SF PAC,SUPPORT,GrowSF
Independent Expenditure by Coalition to Grow San Francisco - Grow SF PAC,1956.0,LONDON BREED,2024-10-01,Coalition to Grow San Francisco - Grow SF PAC,SUPPORT,GrowSF
Independent Expenditure by Coalition to Grow San Francisco - Grow SF PAC,784.0,LONDON BREED,2024-10-03,Coalition to Grow San Francisco - Grow SF PAC,SUPPORT,GrowSF
Independent Expenditure by Coalition to Grow San Francisco - Grow SF PAC,243.0,LONDON BREED,2024-10-03,Coalition to Grow San Francisco - Grow SF PAC,SUPPORT,GrowSF
Independent Expenditure by Coalition to Grow San Francisco - Grow SF PAC,4235.0,LONDON BREED,2024-10-28,Coalition to Grow San Francisco - Grow SF PAC,SUPPORT,GrowSF
"Independent Expenditure by FORWARD ACTION SF, SUPPORTING LONDON BREED FOR MAYOR 2024, SPONSORED BY ABUNDANCE NETWORK",3292.0,LONDON BREED,2024-11-01,"FORWARD ACTION SF, SUPPORTING LONDON BREED FOR MAYOR 2024, SPONSORED BY ABUNDANCE NETWORK",SUPPORT,Abundance Network
Independent Expenditure by Coalition to Grow San Francisco - Grow SF PAC,1471.0,MARK FARRELL,2024-09-29,Coalition to Grow San Francisco - Grow SF PAC,SUPPORT,GrowSF
Independent Expenditure by Coalition to Grow San Francisco - Grow SF PAC,1956.0,MARK FARRELL,2024-10-01,Coalition to Grow San Francisco - Grow SF PAC,SUPPORT,GrowSF
Independent Expenditure by Coalition to Grow San Francisco - Grow SF PAC,157.0,MARK FARRELL,2024-10-01,Coalition to Grow San Francisco - Grow SF PAC,SUPPORT,GrowSF
Independent Expenditure by Coalition to Grow San Francisco - Grow SF PAC,35.0,MARK FARRELL,2024-10-01,Coalition to Grow San Francisco - Grow SF PAC,SUPPORT,GrowSF
Independent Expenditure by Coalition to Grow San Francisco - Grow SF PAC,3431.0,MARK FARRELL,2024-10-01,Coalition to Grow San Francisco - Grow SF PAC,SUPPORT,GrowSF
Independent Expenditure by Coalition to Grow San Francisco - Grow SF PAC,2627.0,MARK FARRELL,2024-10-01,Coalition to Grow San Francisco - Grow SF PAC,SUPPORT,GrowSF
Independent Expenditure by Coalition to Grow San Francisco - Grow SF PAC,243.0,MARK FARRELL,2024-10-03,Coalition to Grow San Francisco - Grow SF PAC,SUPPORT,GrowSF
Independent Expenditure by Coalition to Grow San Francisco - Grow SF PAC,784.0,MARK FARRELL,2024-10-03,Coalition to Grow San Francisco - Grow SF PAC,SUPPORT,GrowSF
Independent Expenditure by Coalition to Grow San Francisco - Grow SF PAC,4235.0,MARK FARRELL,2024-10-28,Coalition to Grow San Francisco - Grow SF PAC,SUPPORT,GrowSF
Independent Expenditure by Coalition to Grow San Francisco - Grow SF PAC,1471.0,MARJAN PHILHOUR,2024-09-29,Coalition to Grow San Francisco - Grow SF PAC,SUPPORT,GrowSF
Independent Expenditure by Families for a Vibrant SF Sponsored by Abundance Network,1352.0,MARJAN PHILHOUR,2024-09-30,Families for a Vibrant SF Sponsored by Abundance Network,SUPPORT,Abundance Network
Independent Expenditure by Coalition to Grow San Francisco - Grow SF PAC,157.0,MARJAN PHILHOUR,2024-10-01,Coalition to Grow San Francisco - Grow SF PAC,SUPPORT,GrowSF
Independent Expenditure by Coalition to Grow San Francisco - Grow SF PAC,35.0,MARJAN PHILHOUR,2024-10-01,Coalition to Grow San Francisco - Grow SF PAC,SUPPORT,GrowSF
Independent Expenditure by Coalition to Grow San Francisco - Grow SF PAC,2627.0,MARJAN PHILHOUR,2024-10-01,Coalition to Grow San Francisco - Grow SF PAC,SUPPORT,GrowSF
Independent Expenditure by Coalition to Grow San Francisco - Grow SF PAC,1956.0,MARJAN PHILHOUR,2024-10-01,Coalition to Grow San Francisco - Grow SF PAC,SUPPORT,GrowSF
Independent Expenditure by Coalition to Grow San Francisco - Grow SF PAC,3431.0,MARJAN PHILHOUR,2024-10-01,Coalition to Grow San Francisco - Grow SF PAC,SUPPORT,GrowSF
Independent Expenditure by Families for a Vibrant SF Sponsored by Abundance Network,10800.0,MARJAN PHILHOUR,2024-10-01,Families for a Vibrant SF Sponsored by Abundance Network,SUPPORT,Abundance Network
Independent Expenditure by Families for a Vibrant SF Sponsored by Abundance Network,128982.0,MARJAN PHILHOUR,2024-10-01,Families for a Vibrant SF Sponsored by Abundance Network,SUPPORT,Abundance Network
Independent Expenditure by Families for a Vibrant SF Sponsored by Abundance Network,4262.0,MARJAN PHILHOUR,2024-10-01,Families for a Vibrant SF Sponsored by Abundance Network,SUPPORT,Abundance Network
Independent Expenditure by Coalition to Grow San Francisco - Grow SF PAC,243.0,MARJAN PHILHOUR,2024-10-03,Coalition to Grow San Francisco - Grow SF PAC,SUPPORT,GrowSF
Independent Expenditure by Coalition to Grow San Francisco - Grow SF PAC,784.0,MARJAN PHILHOUR,2024-10-03,Coalition to Grow San Francisco - Grow SF PAC,SUPPORT,GrowSF
Independent Expenditure by Families for a Vibrant SF Sponsored by Abundance Network,65991.0,MARJAN PHILHOUR,2024-10-09,Families for a Vibrant SF Sponsored by Abundance Network,SUPPORT,Abundance Network
Independent Expenditure by Coalition to Grow San Francisco - Grow SF PAC,4235.0,MARJAN PHILHOUR,2024-10-28,Coalition to Grow San Francisco - Grow SF PAC,SUPPORT,GrowSF
Independent Expenditure by Families for a Vibrant SF Sponsored by Abundance Network,64491.0,MARJAN PHILHOUR,2024-10-31,Families for a Vibrant SF Sponsored by Abundance Network,SUPPORT,Abundance Network
Independent Expenditure by TogetherSF Action,1220.0,AARON PESKIN,2024-09-05,TogetherSF Action,OPPOSE,TogetherSF
Independent Expenditure by TogetherSF Action,300.0,AARON PESKIN,2024-09-05,TogetherSF Action,OPPOSE,TogetherSF
Independent Expenditure by TogetherSF Action,1000.0,AARON PESKIN,2024-10-28,TogetherSF Action,OPPOSE,TogetherSF
Independent Expenditure by TogetherSF Action,45866.0,DANIEL LURIE,2024-10-14,TogetherSF Action,OPPOSE,TogetherSF
Independent Expenditure by TogetherSF Action,52410.0,DANIEL LURIE,2024-10-23,TogetherSF Action,OPPOSE,TogetherSF
